{
  "type": "FeatureCollection",
  "features": [
    {
      "type": "Feature",
      "geometry": {
        "type": "Point",
        "coordinates": [
          -89.795984,
          38.278688
        ]
      },
      "properties": {
        "finding_id": "f001",
        "timestamp_seconds": 89.375,
        "start_seconds": 81.875,
        "end_seconds": 96.875,
        "altitude_m_agl": 39.81,
        "altitude_m_msl": 189.81,
        "heading_deg": 357.7,
        "ground_speed_mps": 10.11,
        "datetime_utc": "2026-04-15T14:01:29Z",
        "marengo_score": 0.1614433377981186,
        "matched_queries": [
          "trees taller than power line clearance",
          "vegetation overgrown into transmission line right-of-way"
        ],
        "discovery_source": "anomaly_query",
        "component_type": "vegetation",
        "condition": "damaged",
        "specific_defects": [
          "tall trees within right-of-way at conductor height"
        ],
        "vegetation_distance_estimate_ft": 12,
        "pegasus_confidence": "medium",
        "class": "vegetation_encroachment",
        "severity": "moderate",
        "combined_confidence": "medium",
        "needs_human_review": false,
        "nerc_citation": null,
        "evidence_clip_path": "/clips/f001.mp4"
      }
    },
    {
      "type": "Feature",
      "geometry": {
        "type": "Point",
        "coordinates": [
          -89.796022,
          38.279751
        ]
      },
      "properties": {
        "finding_id": "f002",
        "timestamp_seconds": 100.625,
        "start_seconds": 93.125,
        "end_seconds": 108.125,
        "altitude_m_agl": 40.25,
        "altitude_m_msl": 190.25,
        "heading_deg": 357.7,
        "ground_speed_mps": 9.77,
        "datetime_utc": "2026-04-15T14:01:41Z",
        "marengo_score": 0.1395709067583084,
        "matched_queries": [
          "vegetation overgrown into transmission line right-of-way"
        ],
        "discovery_source": "anomaly_query",
        "component_type": "vegetation",
        "condition": "damaged",
        "specific_defects": [
          "tall trees within right-of-way at conductor height"
        ],
        "vegetation_distance_estimate_ft": 12,
        "pegasus_confidence": "medium",
        "class": "vegetation_encroachment",
        "severity": "moderate",
        "combined_confidence": "medium",
        "needs_human_review": false,
        "nerc_citation": null,
        "evidence_clip_path": "/clips/f002.mp4"
      }
    },
    {
      "type": "Feature",
      "geometry": {
        "type": "Point",
        "coordinates": [
          -89.796351,
          38.286326
        ]
      },
      "properties": {
        "finding_id": "f003",
        "timestamp_seconds": 173.875,
        "start_seconds": 166.375,
        "end_seconds": 181.375,
        "altitude_m_agl": 39.32,
        "altitude_m_msl": 189.32,
        "heading_deg": 357.7,
        "ground_speed_mps": 9.59,
        "datetime_utc": "2026-04-15T14:02:54Z",
        "marengo_score": 0.1663408875465393,
        "matched_queries": [
          "tree branches close to or touching power line conductors"
        ],
        "discovery_source": "anomaly_query",
        "component_type": "insulator_string",
        "condition": "intact",
        "specific_defects": [],
        "vegetation_distance_estimate_ft": null,
        "pegasus_confidence": "high",
        "class": "insulator_damage",
        "severity": "no_action",
        "combined_confidence": "medium",
        "needs_human_review": false,
        "nerc_citation": null,
        "evidence_clip_path": "/clips/f003.mp4"
      }
    },
    {
      "type": "Feature",
      "geometry": {
        "type": "Point",
        "coordinates": [
          -89.796476,
          38.288926
        ]
      },
      "properties": {
        "finding_id": "f004",
        "timestamp_seconds": 202.875,
        "start_seconds": 195.375,
        "end_seconds": 210.375,
        "altitude_m_agl": 39.95,
        "altitude_m_msl": 189.95,
        "heading_deg": 357.7,
        "ground_speed_mps": 9.65,
        "datetime_utc": "2026-04-15T14:03:23Z",
        "marengo_score": 0.17980210483074188,
        "matched_queries": [
          "tree branches close to or touching power line conductors",
          "vegetation overgrown into transmission line right-of-way"
        ],
        "discovery_source": "anomaly_query",
        "component_type": "insulator_string",
        "condition": "intact",
        "specific_defects": [],
        "vegetation_distance_estimate_ft": null,
        "pegasus_confidence": "high",
        "class": "insulator_damage",
        "severity": "no_action",
        "combined_confidence": "medium",
        "needs_human_review": false,
        "nerc_citation": null,
        "evidence_clip_path": "/clips/f004.mp4"
      }
    },
    {
      "type": "Feature",
      "geometry": {
        "type": "Point",
        "coordinates": [
          -89.797275,
          38.304465
        ]
      },
      "properties": {
        "finding_id": "f005",
        "timestamp_seconds": 376.0,
        "start_seconds": 368.5,
        "end_seconds": 383.5,
        "altitude_m_agl": 40.1,
        "altitude_m_msl": 190.1,
        "heading_deg": 357.69,
        "ground_speed_mps": 9.01,
        "datetime_utc": "2026-04-15T14:06:16Z",
        "marengo_score": 0.13504008948802948,
        "matched_queries": [
          "vegetation overgrown into transmission line right-of-way"
        ],
        "discovery_source": "anomaly_query",
        "component_type": "vegetation",
        "condition": "damaged",
        "specific_defects": [
          "tall trees within right-of-way at conductor height"
        ],
        "vegetation_distance_estimate_ft": 12,
        "pegasus_confidence": "medium",
        "class": "vegetation_encroachment",
        "severity": "moderate",
        "combined_confidence": "medium",
        "needs_human_review": false,
        "nerc_citation": null,
        "evidence_clip_path": "/clips/f005.mp4"
      }
    },
    {
      "type": "Feature",
      "geometry": {
        "type": "Point",
        "coordinates": [
          -89.797401,
          38.307001
        ]
      },
      "properties": {
        "finding_id": "f006",
        "timestamp_seconds": 404.125,
        "start_seconds": 396.625,
        "end_seconds": 411.625,
        "altitude_m_agl": 39.51,
        "altitude_m_msl": 189.51,
        "heading_deg": 357.69,
        "ground_speed_mps": 10.41,
        "datetime_utc": "2026-04-15T14:06:44Z",
        "marengo_score": 0.16546788811683655,
        "matched_queries": [
          "trees taller than power line clearance",
          "vegetation overgrown into transmission line right-of-way"
        ],
        "discovery_source": "anomaly_query",
        "component_type": "vegetation",
        "condition": "damaged",
        "specific_defects": [
          "tall trees within right-of-way at conductor height"
        ],
        "vegetation_distance_estimate_ft": 12,
        "pegasus_confidence": "medium",
        "class": "vegetation_encroachment",
        "severity": "moderate",
        "combined_confidence": "medium",
        "needs_human_review": false,
        "nerc_citation": null,
        "evidence_clip_path": "/clips/f006.mp4"
      }
    },
    {
      "type": "Feature",
      "geometry": {
        "type": "Point",
        "coordinates": [
          -89.797541,
          38.309511
        ]
      },
      "properties": {
        "finding_id": "f007",
        "timestamp_seconds": 432.25,
        "start_seconds": 424.75,
        "end_seconds": 439.75,
        "altitude_m_agl": 40.28,
        "altitude_m_msl": 190.28,
        "heading_deg": 357.69,
        "ground_speed_mps": 10.57,
        "datetime_utc": "2026-04-15T14:07:12Z",
        "marengo_score": 0.16346000134944916,
        "matched_queries": [
          "trees taller than power line clearance",
          "vegetation overgrown into transmission line right-of-way"
        ],
        "discovery_source": "anomaly_query",
        "component_type": "vegetation",
        "condition": "damaged",
        "specific_defects": [
          "tall trees within right-of-way at conductor height"
        ],
        "vegetation_distance_estimate_ft": 12,
        "pegasus_confidence": "medium",
        "class": "vegetation_encroachment",
        "severity": "moderate",
        "combined_confidence": "medium",
        "needs_human_review": false,
        "nerc_citation": null,
        "evidence_clip_path": "/clips/f007.mp4"
      }
    },
    {
      "type": "Feature",
      "geometry": {
        "type": "Point",
        "coordinates": [
          -89.798387,
          38.325953
        ]
      },
      "properties": {
        "finding_id": "f008",
        "timestamp_seconds": 615.125,
        "start_seconds": 607.625,
        "end_seconds": 622.625,
        "altitude_m_agl": 40.11,
        "altitude_m_msl": 190.11,
        "heading_deg": 357.69,
        "ground_speed_mps": 10.36,
        "datetime_utc": "2026-04-15T14:10:15Z",
        "marengo_score": 0.1952088326215744,
        "matched_queries": [
          "damaged or broken insulator disk on transmission tower",
          "insulator string with visible contamination or burn marks",
          "missing or shattered porcelain insulator",
          "rust streaks on insulator hardware"
        ],
        "discovery_source": "anomaly_query",
        "component_type": "insulator_string",
        "condition": "damaged",
        "specific_defects": [
          "cracks in porcelain disk",
          "rust streaks on cap-and-pin hardware"
        ],
        "vegetation_distance_estimate_ft": null,
        "pegasus_confidence": "high",
        "class": "insulator_damage",
        "severity": "critical",
        "combined_confidence": "high",
        "needs_human_review": false,
        "nerc_citation": null,
        "evidence_clip_path": "/clips/f008.mp4"
      }
    },
    {
      "type": "Feature",
      "geometry": {
        "type": "Point",
        "coordinates": [
          -89.798605,
          38.33036
        ]
      },
      "properties": {
        "finding_id": "f009",
        "timestamp_seconds": 664.125,
        "start_seconds": 656.625,
        "end_seconds": 671.625,
        "altitude_m_agl": 40.03,
        "altitude_m_msl": 190.03,
        "heading_deg": 357.69,
        "ground_speed_mps": 10.13,
        "datetime_utc": "2026-04-15T14:11:04Z",
        "marengo_score": 0.14950087666511536,
        "matched_queries": [
          "trees taller than power line clearance"
        ],
        "discovery_source": "anomaly_query",
        "component_type": "vegetation",
        "condition": "damaged",
        "specific_defects": [
          "tall trees within right-of-way at conductor height"
        ],
        "vegetation_distance_estimate_ft": 12,
        "pegasus_confidence": "medium",
        "class": "vegetation_encroachment",
        "severity": "moderate",
        "combined_confidence": "medium",
        "needs_human_review": false,
        "nerc_citation": null,
        "evidence_clip_path": "/clips/f009.mp4"
      }
    },
    {
      "type": "Feature",
      "geometry": {
        "type": "Point",
        "coordinates": [
          -89.798695,
          38.33208
        ]
      },
      "properties": {
        "finding_id": "f010",
        "timestamp_seconds": 683.125,
        "start_seconds": 675.625,
        "end_seconds": 690.625,
        "altitude_m_agl": 39.76,
        "altitude_m_msl": 189.76,
        "heading_deg": 357.69,
        "ground_speed_mps": 9.74,
        "datetime_utc": "2026-04-15T14:11:23Z",
        "marengo_score": 0.16666607558727264,
        "matched_queries": [
          "insulator string with visible contamination or burn marks"
        ],
        "discovery_source": "anomaly_query",
        "component_type": "insulator_string",
        "condition": "intact",
        "specific_defects": [],
        "vegetation_distance_estimate_ft": null,
        "pegasus_confidence": "high",
        "class": "insulator_damage",
        "severity": "no_action",
        "combined_confidence": "medium",
        "needs_human_review": false,
        "nerc_citation": null,
        "evidence_clip_path": "/clips/f010.mp4"
      }
    },
    {
      "type": "Feature",
      "geometry": {
        "type": "Point",
        "coordinates": [
          -89.798783,
          38.333762
        ]
      },
      "properties": {
        "finding_id": "f011",
        "timestamp_seconds": 701.875,
        "start_seconds": 694.375,
        "end_seconds": 709.375,
        "altitude_m_agl": 40.13,
        "altitude_m_msl": 190.13,
        "heading_deg": 357.69,
        "ground_speed_mps": 9.12,
        "datetime_utc": "2026-04-15T14:11:42Z",
        "marengo_score": 0.17605730891227722,
        "matched_queries": [
          "damaged or broken insulator disk on transmission tower",
          "rust streaks on insulator hardware"
        ],
        "discovery_source": "anomaly_query",
        "component_type": "insulator_string",
        "condition": "intact",
        "specific_defects": [],
        "vegetation_distance_estimate_ft": null,
        "pegasus_confidence": "high",
        "class": "insulator_damage",
        "severity": "no_action",
        "combined_confidence": "medium",
        "needs_human_review": false,
        "nerc_citation": null,
        "evidence_clip_path": "/clips/f011.mp4"
      }
    },
    {
      "type": "Feature",
      "geometry": {
        "type": "Point",
        "coordinates": [
          -89.798983,
          38.337265
        ]
      },
      "properties": {
        "finding_id": "f012",
        "timestamp_seconds": 741.0,
        "start_seconds": 733.5,
        "end_seconds": 748.5,
        "altitude_m_agl": 39.28,
        "altitude_m_msl": 189.28,
        "heading_deg": 357.69,
        "ground_speed_mps": 9.6,
        "datetime_utc": "2026-04-15T14:12:21Z",
        "marengo_score": 0.16529813408851624,
        "matched_queries": [
          "damaged or broken insulator disk on transmission tower",
          "insulator string with visible contamination or burn marks",
          "missing or shattered porcelain insulator",
          "tree branches close to or touching power line conductors"
        ],
        "discovery_source": "anomaly_query",
        "component_type": "insulator_string",
        "condition": "intact",
        "specific_defects": [],
        "vegetation_distance_estimate_ft": null,
        "pegasus_confidence": "high",
        "class": "insulator_damage",
        "severity": "no_action",
        "combined_confidence": "medium",
        "needs_human_review": false,
        "nerc_citation": null,
        "evidence_clip_path": "/clips/f012.mp4"
      }
    },
    {
      "type": "Feature",
      "geometry": {
        "type": "Point",
        "coordinates": [
          -89.799065,
          38.339159
        ]
      },
      "properties": {
        "finding_id": "f013",
        "timestamp_seconds": 761.75,
        "start_seconds": 754.25,
        "end_seconds": 769.25,
        "altitude_m_agl": 40.74,
        "altitude_m_msl": 190.74,
        "heading_deg": 357.69,
        "ground_speed_mps": 9.69,
        "datetime_utc": "2026-04-15T14:12:42Z",
        "marengo_score": 0.16725797951221466,
        "matched_queries": [
          "insulator string with visible contamination or burn marks",
          "rust streaks on insulator hardware"
        ],
        "discovery_source": "anomaly_query",
        "component_type": "insulator_string",
        "condition": "damaged",
        "specific_defects": [
          "rust streaks on cap-and-pin hardware"
        ],
        "vegetation_distance_estimate_ft": null,
        "pegasus_confidence": "medium",
        "class": "insulator_damage",
        "severity": "high",
        "combined_confidence": "medium",
        "needs_human_review": false,
        "nerc_citation": null,
        "evidence_clip_path": "/clips/f013.mp4"
      }
    },
    {
      "type": "Feature",
      "geometry": {
        "type": "Point",
        "coordinates": [
          -89.799357,
          38.341828
        ]
      },
      "properties": {
        "finding_id": "f014",
        "timestamp_seconds": 791.625,
        "start_seconds": 784.125,
        "end_seconds": 799.125,
        "altitude_m_agl": 40.26,
        "altitude_m_msl": 190.26,
        "heading_deg": 332.36,
        "ground_speed_mps": 9.44,
        "datetime_utc": "2026-04-15T14:13:12Z",
        "marengo_score": 0.15680502355098724,
        "matched_queries": [
          "tree branches close to or touching power line conductors"
        ],
        "discovery_source": "anomaly_query",
        "component_type": "insulator_string",
        "condition": "damaged",
        "specific_defects": [
          "cracked porcelain disk",
          "visible burn mark"
        ],
        "vegetation_distance_estimate_ft": null,
        "pegasus_confidence": "high",
        "class": "insulator_damage",
        "severity": "critical",
        "combined_confidence": "medium",
        "needs_human_review": false,
        "nerc_citation": null,
        "evidence_clip_path": "/clips/f014.mp4"
      }
    },
    {
      "type": "Feature",
      "geometry": {
        "type": "LineString",
        "coordinates": [
          [
            -89.792489,
            38.273141
          ],
          [
            -89.792604,
            38.273141
          ],
          [
            -89.792728,
            38.273139
          ],
          [
            -89.792834,
            38.273135
          ],
          [
            -89.792958,
            38.273157
          ],
          [
            -89.793052,
            38.273159
          ],
          [
            -89.793165,
            38.273154
          ],
          [
            -89.793294,
            38.273149
          ],
          [
            -89.793387,
            38.273164
          ],
          [
            -89.793507,
            38.273154
          ],
          [
            -89.793606,
            38.273166
          ],
          [
            -89.793748,
            38.273158
          ],
          [
            -89.793857,
            38.27316
          ],
          [
            -89.793973,
            38.273175
          ],
          [
            -89.794094,
            38.273186
          ],
          [
            -89.794196,
            38.273183
          ],
          [
            -89.794319,
            38.273167
          ],
          [
            -89.794433,
            38.273171
          ],
          [
            -89.794545,
            38.273197
          ],
          [
            -89.794652,
            38.273163
          ],
          [
            -89.794775,
            38.273169
          ],
          [
            -89.794889,
            38.273178
          ],
          [
            -89.795001,
            38.273188
          ],
          [
            -89.795118,
            38.273191
          ],
          [
            -89.79523,
            38.273189
          ],
          [
            -89.79534,
            38.273184
          ],
          [
            -89.795465,
            38.273195
          ],
          [
            -89.795587,
            38.273202
          ],
          [
            -89.795686,
            38.2732
          ],
          [
            -89.795697,
            38.273288
          ],
          [
            -89.795674,
            38.273381
          ],
          [
            -89.795693,
            38.273467
          ],
          [
            -89.795697,
            38.273573
          ],
          [
            -89.795722,
            38.273655
          ],
          [
            -89.795721,
            38.273731
          ],
          [
            -89.795716,
            38.273845
          ],
          [
            -89.795716,
            38.27393
          ],
          [
            -89.795709,
            38.274032
          ],
          [
            -89.795752,
            38.274081
          ],
          [
            -89.795731,
            38.274173
          ],
          [
            -89.795747,
            38.27428
          ],
          [
            -89.795752,
            38.274368
          ],
          [
            -89.795763,
            38.27446
          ],
          [
            -89.795746,
            38.274544
          ],
          [
            -89.79578,
            38.274646
          ],
          [
            -89.795776,
            38.274712
          ],
          [
            -89.795789,
            38.274827
          ],
          [
            -89.795769,
            38.274893
          ],
          [
            -89.795756,
            38.275003
          ],
          [
            -89.795792,
            38.275091
          ],
          [
            -89.795787,
            38.275191
          ],
          [
            -89.795781,
            38.275268
          ],
          [
            -89.795785,
            38.27535
          ],
          [
            -89.7958,
            38.275446
          ],
          [
            -89.795784,
            38.275532
          ],
          [
            -89.7958,
            38.275633
          ],
          [
            -89.7958,
            38.275715
          ],
          [
            -89.795825,
            38.2758
          ],
          [
            -89.795816,
            38.275908
          ],
          [
            -89.795826,
            38.275983
          ],
          [
            -89.795824,
            38.276067
          ],
          [
            -89.795836,
            38.276167
          ],
          [
            -89.795841,
            38.276255
          ],
          [
            -89.795869,
            38.276325
          ],
          [
            -89.795863,
            38.276443
          ],
          [
            -89.795853,
            38.27654
          ],
          [
            -89.795849,
            38.276616
          ],
          [
            -89.795876,
            38.276704
          ],
          [
            -89.795878,
            38.276785
          ],
          [
            -89.795856,
            38.276899
          ],
          [
            -89.79587,
            38.276978
          ],
          [
            -89.795888,
            38.27707
          ],
          [
            -89.795884,
            38.277169
          ],
          [
            -89.795891,
            38.277254
          ],
          [
            -89.795895,
            38.277347
          ],
          [
            -89.795894,
            38.277414
          ],
          [
            -89.795909,
            38.27751
          ],
          [
            -89.795898,
            38.277601
          ],
          [
            -89.795918,
            38.277704
          ],
          [
            -89.79591,
            38.277795
          ],
          [
            -89.795919,
            38.277868
          ],
          [
            -89.795943,
            38.277979
          ],
          [
            -89.795912,
            38.278053
          ],
          [
            -89.795935,
            38.278162
          ],
          [
            -89.79594,
            38.278233
          ],
          [
            -89.79595,
            38.27834
          ],
          [
            -89.79595,
            38.278399
          ],
          [
            -89.79596,
            38.278508
          ],
          [
            -89.795971,
            38.278594
          ],
          [
            -89.795984,
            38.278688
          ],
          [
            -89.795972,
            38.278785
          ],
          [
            -89.795984,
            38.278865
          ],
          [
            -89.795989,
            38.278961
          ],
          [
            -89.795972,
            38.279046
          ],
          [
            -89.795986,
            38.279138
          ],
          [
            -89.795991,
            38.279211
          ],
          [
            -89.795998,
            38.279321
          ],
          [
            -89.796006,
            38.279409
          ],
          [
            -89.796012,
            38.279487
          ],
          [
            -89.796008,
            38.279564
          ],
          [
            -89.796036,
            38.279661
          ],
          [
            -89.796022,
            38.279751
          ],
          [
            -89.796025,
            38.279849
          ],
          [
            -89.796022,
            38.279955
          ],
          [
            -89.79603,
            38.280047
          ],
          [
            -89.796044,
            38.280115
          ],
          [
            -89.796028,
            38.280205
          ],
          [
            -89.796062,
            38.280304
          ],
          [
            -89.796056,
            38.280382
          ],
          [
            -89.796082,
            38.280475
          ],
          [
            -89.796067,
            38.280566
          ],
          [
            -89.796072,
            38.28066
          ],
          [
            -89.79605,
            38.280748
          ],
          [
            -89.796059,
            38.280836
          ],
          [
            -89.796082,
            38.280914
          ],
          [
            -89.796095,
            38.281021
          ],
          [
            -89.796073,
            38.281116
          ],
          [
            -89.79609,
            38.281186
          ],
          [
            -89.796096,
            38.2813
          ],
          [
            -89.796106,
            38.281378
          ],
          [
            -89.796093,
            38.281462
          ],
          [
            -89.796117,
            38.281565
          ],
          [
            -89.796136,
            38.281677
          ],
          [
            -89.796131,
            38.281732
          ],
          [
            -89.796115,
            38.281836
          ],
          [
            -89.79613,
            38.28191
          ],
          [
            -89.796135,
            38.282025
          ],
          [
            -89.796148,
            38.282109
          ],
          [
            -89.796144,
            38.282182
          ],
          [
            -89.796152,
            38.282277
          ],
          [
            -89.796154,
            38.282349
          ],
          [
            -89.796167,
            38.282449
          ],
          [
            -89.796171,
            38.282543
          ],
          [
            -89.796165,
            38.282652
          ],
          [
            -89.79618,
            38.282731
          ],
          [
            -89.796171,
            38.282821
          ],
          [
            -89.796186,
            38.282923
          ],
          [
            -89.796194,
            38.283001
          ],
          [
            -89.796187,
            38.283106
          ],
          [
            -89.796199,
            38.283159
          ],
          [
            -89.796187,
            38.283282
          ],
          [
            -89.796205,
            38.283354
          ],
          [
            -89.79621,
            38.283449
          ],
          [
            -89.796244,
            38.283545
          ],
          [
            -89.796229,
            38.283632
          ],
          [
            -89.796213,
            38.28371
          ],
          [
            -89.796235,
            38.283812
          ],
          [
            -89.796233,
            38.2839
          ],
          [
            -89.796227,
            38.283986
          ],
          [
            -89.796239,
            38.284065
          ],
          [
            -89.796269,
            38.284169
          ],
          [
            -89.796256,
            38.284257
          ],
          [
            -89.796252,
            38.284352
          ],
          [
            -89.796264,
            38.284433
          ],
          [
            -89.796273,
            38.284524
          ],
          [
            -89.796285,
            38.284617
          ],
          [
            -89.796278,
            38.284707
          ],
          [
            -89.796281,
            38.284789
          ],
          [
            -89.796313,
            38.28488
          ],
          [
            -89.796271,
            38.284969
          ],
          [
            -89.796318,
            38.285078
          ],
          [
            -89.796298,
            38.285147
          ],
          [
            -89.796312,
            38.285252
          ],
          [
            -89.796315,
            38.285327
          ],
          [
            -89.796309,
            38.285426
          ],
          [
            -89.796324,
            38.285505
          ],
          [
            -89.796332,
            38.285599
          ],
          [
            -89.796323,
            38.285694
          ],
          [
            -89.796319,
            38.285787
          ],
          [
            -89.796332,
            38.285881
          ],
          [
            -89.79635,
            38.28596
          ],
          [
            -89.796339,
            38.286041
          ],
          [
            -89.796342,
            38.286136
          ],
          [
            -89.796344,
            38.286239
          ],
          [
            -89.796351,
            38.286326
          ],
          [
            -89.796361,
            38.286402
          ],
          [
            -89.796382,
            38.286489
          ],
          [
            -89.796358,
            38.286599
          ],
          [
            -89.796365,
            38.286697
          ],
          [
            -89.79637,
            38.286766
          ],
          [
            -89.796381,
            38.286863
          ],
          [
            -89.796389,
            38.286951
          ],
          [
            -89.796382,
            38.287039
          ],
          [
            -89.796402,
            38.287132
          ],
          [
            -89.79639,
            38.287215
          ],
          [
            -89.796399,
            38.287318
          ],
          [
            -89.796429,
            38.287407
          ],
          [
            -89.796413,
            38.287497
          ],
          [
            -89.796411,
            38.287596
          ],
          [
            -89.796425,
            38.287672
          ],
          [
            -89.796437,
            38.287762
          ],
          [
            -89.796435,
            38.287852
          ],
          [
            -89.796449,
            38.287944
          ],
          [
            -89.796424,
            38.288037
          ],
          [
            -89.796459,
            38.288127
          ],
          [
            -89.796448,
            38.288202
          ],
          [
            -89.796456,
            38.288298
          ],
          [
            -89.796443,
            38.28839
          ],
          [
            -89.796483,
            38.288485
          ],
          [
            -89.796465,
            38.288572
          ],
          [
            -89.796473,
            38.288658
          ],
          [
            -89.796468,
            38.288742
          ],
          [
            -89.796474,
            38.288839
          ],
          [
            -89.796476,
            38.288926
          ],
          [
            -89.796493,
            38.289018
          ],
          [
            -89.796501,
            38.289093
          ],
          [
            -89.7965,
            38.289184
          ],
          [
            -89.796502,
            38.289289
          ],
          [
            -89.796516,
            38.289371
          ],
          [
            -89.79651,
            38.289461
          ],
          [
            -89.796525,
            38.289567
          ],
          [
            -89.796544,
            38.289643
          ],
          [
            -89.796517,
            38.289733
          ],
          [
            -89.796527,
            38.289821
          ],
          [
            -89.796526,
            38.289906
          ],
          [
            -89.796528,
            38.290004
          ],
          [
            -89.796576,
            38.290087
          ],
          [
            -89.796555,
            38.290194
          ],
          [
            -89.796551,
            38.290275
          ],
          [
            -89.796557,
            38.290366
          ],
          [
            -89.796577,
            38.29046
          ],
          [
            -89.796559,
            38.290534
          ],
          [
            -89.796563,
            38.290646
          ],
          [
            -89.796574,
            38.290721
          ],
          [
            -89.796591,
            38.290817
          ],
          [
            -89.796589,
            38.29092
          ],
          [
            -89.796595,
            38.290999
          ],
          [
            -89.796584,
            38.291102
          ],
          [
            -89.796592,
            38.291171
          ],
          [
            -89.796628,
            38.291252
          ],
          [
            -89.796627,
            38.291347
          ],
          [
            -89.796627,
            38.291444
          ],
          [
            -89.796622,
            38.291537
          ],
          [
            -89.796631,
            38.291637
          ],
          [
            -89.796622,
            38.291709
          ],
          [
            -89.796638,
            38.291812
          ],
          [
            -89.796656,
            38.291894
          ],
          [
            -89.796639,
            38.29198
          ],
          [
            -89.796662,
            38.292067
          ],
          [
            -89.796664,
            38.292148
          ],
          [
            -89.796662,
            38.292238
          ],
          [
            -89.796663,
            38.292341
          ],
          [
            -89.79667,
            38.29243
          ],
          [
            -89.796682,
            38.292516
          ],
          [
            -89.796661,
            38.292604
          ],
          [
            -89.796669,
            38.292712
          ],
          [
            -89.796684,
            38.292769
          ],
          [
            -89.796704,
            38.292879
          ],
          [
            -89.7967,
            38.292976
          ],
          [
            -89.796682,
            38.29307
          ],
          [
            -89.796692,
            38.293145
          ],
          [
            -89.796709,
            38.293248
          ],
          [
            -89.796702,
            38.293331
          ],
          [
            -89.796725,
            38.293435
          ],
          [
            -89.796736,
            38.293507
          ],
          [
            -89.796733,
            38.293608
          ],
          [
            -89.796741,
            38.29367
          ],
          [
            -89.796755,
            38.293794
          ],
          [
            -89.796745,
            38.29387
          ],
          [
            -89.796739,
            38.293953
          ],
          [
            -89.79676,
            38.29404
          ],
          [
            -89.796724,
            38.294136
          ],
          [
            -89.796773,
            38.294246
          ],
          [
            -89.79678,
            38.294346
          ],
          [
            -89.796767,
            38.294414
          ],
          [
            -89.796776,
            38.294488
          ],
          [
            -89.796772,
            38.294601
          ],
          [
            -89.796785,
            38.294686
          ],
          [
            -89.796794,
            38.294768
          ],
          [
            -89.796797,
            38.29485
          ],
          [
            -89.796794,
            38.294952
          ],
          [
            -89.796808,
            38.295041
          ],
          [
            -89.796803,
            38.295115
          ],
          [
            -89.796807,
            38.295218
          ],
          [
            -89.79681,
            38.295317
          ],
          [
            -89.796816,
            38.295402
          ],
          [
            -89.796824,
            38.295496
          ],
          [
            -89.796848,
            38.295577
          ],
          [
            -89.796837,
            38.295676
          ],
          [
            -89.796847,
            38.295748
          ],
          [
            -89.796844,
            38.295847
          ],
          [
            -89.79685,
            38.295934
          ],
          [
            -89.796866,
            38.29603
          ],
          [
            -89.796874,
            38.296118
          ],
          [
            -89.796841,
            38.29621
          ],
          [
            -89.796882,
            38.296289
          ],
          [
            -89.796864,
            38.296388
          ],
          [
            -89.796908,
            38.29647
          ],
          [
            -89.796879,
            38.296562
          ],
          [
            -89.796878,
            38.296669
          ],
          [
            -89.796884,
            38.296746
          ],
          [
            -89.796898,
            38.29683
          ],
          [
            -89.796915,
            38.296924
          ],
          [
            -89.7969,
            38.297017
          ],
          [
            -89.796886,
            38.297111
          ],
          [
            -89.796928,
            38.297201
          ],
          [
            -89.796925,
            38.297292
          ],
          [
            -89.796934,
            38.297396
          ],
          [
            -89.796928,
            38.297452
          ],
          [
            -89.796923,
            38.297546
          ],
          [
            -89.796942,
            38.297632
          ],
          [
            -89.796961,
            38.297721
          ],
          [
            -89.796935,
            38.297815
          ],
          [
            -89.796937,
            38.297914
          ],
          [
            -89.796974,
            38.297996
          ],
          [
            -89.796957,
            38.298104
          ],
          [
            -89.796966,
            38.29819
          ],
          [
            -89.79698,
            38.298269
          ],
          [
            -89.796966,
            38.298349
          ],
          [
            -89.796963,
            38.298455
          ],
          [
            -89.796992,
            38.298552
          ],
          [
            -89.796991,
            38.298625
          ],
          [
            -89.796977,
            38.298708
          ],
          [
            -89.796994,
            38.298802
          ],
          [
            -89.797005,
            38.298911
          ],
          [
            -89.796995,
            38.298993
          ],
          [
            -89.797029,
            38.299086
          ],
          [
            -89.797015,
            38.299164
          ],
          [
            -89.797009,
            38.299266
          ],
          [
            -89.79703,
            38.299358
          ],
          [
            -89.797047,
            38.299462
          ],
          [
            -89.797023,
            38.299541
          ],
          [
            -89.797023,
            38.299622
          ],
          [
            -89.797059,
            38.299709
          ],
          [
            -89.797049,
            38.299806
          ],
          [
            -89.797057,
            38.299886
          ],
          [
            -89.797068,
            38.299984
          ],
          [
            -89.79705,
            38.30006
          ],
          [
            -89.797085,
            38.300167
          ],
          [
            -89.79707,
            38.300238
          ],
          [
            -89.797084,
            38.300352
          ],
          [
            -89.797064,
            38.300427
          ],
          [
            -89.797087,
            38.300533
          ],
          [
            -89.797103,
            38.30061
          ],
          [
            -89.797109,
            38.300701
          ],
          [
            -89.797079,
            38.300801
          ],
          [
            -89.797102,
            38.300869
          ],
          [
            -89.797098,
            38.300965
          ],
          [
            -89.797107,
            38.301062
          ],
          [
            -89.79712,
            38.301161
          ],
          [
            -89.797129,
            38.301237
          ],
          [
            -89.797132,
            38.301325
          ],
          [
            -89.79714,
            38.301408
          ],
          [
            -89.79714,
            38.301495
          ],
          [
            -89.797124,
            38.301604
          ],
          [
            -89.797151,
            38.3017
          ],
          [
            -89.797138,
            38.301774
          ],
          [
            -89.797168,
            38.301847
          ],
          [
            -89.797157,
            38.30196
          ],
          [
            -89.797164,
            38.302056
          ],
          [
            -89.797178,
            38.302141
          ],
          [
            -89.797163,
            38.302227
          ],
          [
            -89.797188,
            38.302321
          ],
          [
            -89.797186,
            38.302403
          ],
          [
            -89.797183,
            38.302505
          ],
          [
            -89.79717,
            38.302594
          ],
          [
            -89.797213,
            38.302701
          ],
          [
            -89.797199,
            38.30275
          ],
          [
            -89.7972,
            38.302844
          ],
          [
            -89.7972,
            38.302943
          ],
          [
            -89.79721,
            38.303023
          ],
          [
            -89.797221,
            38.303129
          ],
          [
            -89.797209,
            38.303208
          ],
          [
            -89.797228,
            38.303318
          ],
          [
            -89.797238,
            38.303392
          ],
          [
            -89.797231,
            38.303499
          ],
          [
            -89.797242,
            38.303575
          ],
          [
            -89.797232,
            38.303666
          ],
          [
            -89.797256,
            38.303754
          ],
          [
            -89.797249,
            38.30384
          ],
          [
            -89.797276,
            38.303932
          ],
          [
            -89.797265,
            38.304027
          ],
          [
            -89.797265,
            38.304114
          ],
          [
            -89.797279,
            38.304188
          ],
          [
            -89.79727,
            38.304312
          ],
          [
            -89.79725,
            38.304378
          ],
          [
            -89.797275,
            38.304465
          ],
          [
            -89.797289,
            38.304566
          ],
          [
            -89.797288,
            38.304641
          ],
          [
            -89.797296,
            38.304753
          ],
          [
            -89.79731,
            38.304832
          ],
          [
            -89.797326,
            38.304928
          ],
          [
            -89.797333,
            38.305009
          ],
          [
            -89.797306,
            38.305097
          ],
          [
            -89.797333,
            38.305195
          ],
          [
            -89.797344,
            38.305285
          ],
          [
            -89.797342,
            38.305371
          ],
          [
            -89.797323,
            38.305464
          ],
          [
            -89.797338,
            38.305545
          ],
          [
            -89.797342,
            38.30565
          ],
          [
            -89.79735,
            38.305725
          ],
          [
            -89.797362,
            38.305833
          ],
          [
            -89.797338,
            38.305918
          ],
          [
            -89.797354,
            38.30601
          ],
          [
            -89.797376,
            38.306091
          ],
          [
            -89.797354,
            38.306181
          ],
          [
            -89.797381,
            38.306275
          ],
          [
            -89.797376,
            38.306357
          ],
          [
            -89.797399,
            38.30645
          ],
          [
            -89.797387,
            38.306538
          ],
          [
            -89.79739,
            38.306628
          ],
          [
            -89.797398,
            38.306718
          ],
          [
            -89.797416,
            38.306807
          ],
          [
            -89.797432,
            38.306893
          ],
          [
            -89.797401,
            38.307001
          ],
          [
            -89.797417,
            38.307096
          ],
          [
            -89.797435,
            38.307173
          ],
          [
            -89.797414,
            38.307251
          ],
          [
            -89.797437,
            38.307351
          ],
          [
            -89.797441,
            38.307438
          ],
          [
            -89.797464,
            38.307534
          ],
          [
            -89.797461,
            38.307621
          ],
          [
            -89.797458,
            38.307709
          ],
          [
            -89.797463,
            38.307798
          ],
          [
            -89.797441,
            38.307892
          ],
          [
            -89.797462,
            38.307989
          ],
          [
            -89.797478,
            38.308057
          ],
          [
            -89.79747,
            38.308168
          ],
          [
            -89.797476,
            38.308249
          ],
          [
            -89.797469,
            38.308339
          ],
          [
            -89.797495,
            38.308436
          ],
          [
            -89.797479,
            38.308512
          ],
          [
            -89.797508,
            38.308609
          ],
          [
            -89.797478,
            38.308708
          ],
          [
            -89.797525,
            38.308771
          ],
          [
            -89.797511,
            38.308888
          ],
          [
            -89.797537,
            38.308955
          ],
          [
            -89.797512,
            38.309061
          ],
          [
            -89.797518,
            38.309138
          ],
          [
            -89.797512,
            38.309231
          ],
          [
            -89.797527,
            38.30933
          ],
          [
            -89.797544,
            38.309409
          ],
          [
            -89.797541,
            38.309511
          ],
          [
            -89.79755,
            38.309603
          ],
          [
            -89.797551,
            38.309679
          ],
          [
            -89.797541,
            38.309782
          ],
          [
            -89.797557,
            38.309875
          ],
          [
            -89.797568,
            38.309965
          ],
          [
            -89.797562,
            38.310039
          ],
          [
            -89.797601,
            38.310126
          ],
          [
            -89.797593,
            38.310236
          ],
          [
            -89.797587,
            38.310311
          ],
          [
            -89.797576,
            38.310381
          ],
          [
            -89.797593,
            38.310514
          ],
          [
            -89.797595,
            38.310567
          ],
          [
            -89.797622,
            38.310677
          ],
          [
            -89.797597,
            38.310761
          ],
          [
            -89.797616,
            38.310852
          ],
          [
            -89.797612,
            38.31094
          ],
          [
            -89.797627,
            38.311027
          ],
          [
            -89.797631,
            38.311133
          ],
          [
            -89.797625,
            38.311219
          ],
          [
            -89.79763,
            38.311307
          ],
          [
            -89.797632,
            38.311394
          ],
          [
            -89.797626,
            38.31148
          ],
          [
            -89.797642,
            38.311581
          ],
          [
            -89.797674,
            38.311662
          ],
          [
            -89.797672,
            38.311748
          ],
          [
            -89.797667,
            38.311842
          ],
          [
            -89.797681,
            38.311948
          ],
          [
            -89.797662,
            38.312022
          ],
          [
            -89.797674,
            38.312111
          ],
          [
            -89.797671,
            38.312226
          ],
          [
            -89.797677,
            38.312287
          ],
          [
            -89.797708,
            38.312374
          ],
          [
            -89.797681,
            38.312476
          ],
          [
            -89.797707,
            38.312546
          ],
          [
            -89.797705,
            38.312635
          ],
          [
            -89.797696,
            38.312746
          ],
          [
            -89.797721,
            38.312845
          ],
          [
            -89.797735,
            38.312902
          ],
          [
            -89.797705,
            38.313016
          ],
          [
            -89.797737,
            38.313109
          ],
          [
            -89.797736,
            38.313186
          ],
          [
            -89.797738,
            38.313265
          ],
          [
            -89.797737,
            38.313368
          ],
          [
            -89.797733,
            38.313465
          ],
          [
            -89.797759,
            38.313556
          ],
          [
            -89.797764,
            38.313633
          ],
          [
            -89.797738,
            38.313734
          ],
          [
            -89.797783,
            38.313818
          ],
          [
            -89.797775,
            38.313904
          ],
          [
            -89.797788,
            38.313995
          ],
          [
            -89.797786,
            38.314077
          ],
          [
            -89.79779,
            38.314181
          ],
          [
            -89.797792,
            38.314274
          ],
          [
            -89.797795,
            38.314352
          ],
          [
            -89.797803,
            38.314439
          ],
          [
            -89.797796,
            38.314538
          ],
          [
            -89.797814,
            38.31463
          ],
          [
            -89.797807,
            38.314735
          ],
          [
            -89.7978,
            38.314795
          ],
          [
            -89.797808,
            38.314884
          ],
          [
            -89.797821,
            38.314984
          ],
          [
            -89.797822,
            38.315081
          ],
          [
            -89.797832,
            38.315166
          ],
          [
            -89.797858,
            38.315253
          ],
          [
            -89.797863,
            38.31534
          ],
          [
            -89.79786,
            38.315433
          ],
          [
            -89.797842,
            38.315522
          ],
          [
            -89.79786,
            38.315619
          ],
          [
            -89.797886,
            38.31571
          ],
          [
            -89.797862,
            38.315803
          ],
          [
            -89.797881,
            38.315881
          ],
          [
            -89.797866,
            38.315977
          ],
          [
            -89.797882,
            38.316061
          ],
          [
            -89.79789,
            38.316142
          ],
          [
            -89.797897,
            38.316241
          ],
          [
            -89.797902,
            38.316334
          ],
          [
            -89.797917,
            38.316415
          ],
          [
            -89.797914,
            38.316531
          ],
          [
            -89.797902,
            38.316598
          ],
          [
            -89.797918,
            38.316714
          ],
          [
            -89.797935,
            38.316786
          ],
          [
            -89.79795,
            38.316869
          ],
          [
            -89.797912,
            38.316975
          ],
          [
            -89.797926,
            38.31706
          ],
          [
            -89.797943,
            38.317127
          ],
          [
            -89.797949,
            38.317231
          ],
          [
            -89.797953,
            38.317312
          ],
          [
            -89.797975,
            38.317412
          ],
          [
            -89.79797,
            38.317496
          ],
          [
            -89.797962,
            38.317592
          ],
          [
            -89.79797,
            38.317666
          ],
          [
            -89.797972,
            38.31778
          ],
          [
            -89.797988,
            38.317862
          ],
          [
            -89.797986,
            38.317951
          ],
          [
            -89.797999,
            38.318034
          ],
          [
            -89.797985,
            38.318134
          ],
          [
            -89.797999,
            38.318228
          ],
          [
            -89.798027,
            38.318323
          ],
          [
            -89.797986,
            38.318394
          ],
          [
            -89.798009,
            38.318485
          ],
          [
            -89.798006,
            38.318583
          ],
          [
            -89.798017,
            38.31867
          ],
          [
            -89.798038,
            38.318763
          ],
          [
            -89.798032,
            38.318851
          ],
          [
            -89.798037,
            38.31893
          ],
          [
            -89.798033,
            38.319044
          ],
          [
            -89.798016,
            38.319114
          ],
          [
            -89.798056,
            38.319212
          ],
          [
            -89.798044,
            38.319307
          ],
          [
            -89.798071,
            38.319394
          ],
          [
            -89.798069,
            38.319481
          ],
          [
            -89.798053,
            38.319565
          ],
          [
            -89.798058,
            38.319655
          ],
          [
            -89.798068,
            38.319739
          ],
          [
            -89.798065,
            38.31984
          ],
          [
            -89.798076,
            38.319918
          ],
          [
            -89.798077,
            38.320028
          ],
          [
            -89.798076,
            38.320119
          ],
          [
            -89.798112,
            38.320197
          ],
          [
            -89.798102,
            38.320292
          ],
          [
            -89.798125,
            38.320374
          ],
          [
            -89.798119,
            38.32047
          ],
          [
            -89.798124,
            38.320561
          ],
          [
            -89.798106,
            38.320654
          ],
          [
            -89.798133,
            38.320735
          ],
          [
            -89.798125,
            38.320834
          ],
          [
            -89.79814,
            38.320925
          ],
          [
            -89.798138,
            38.321003
          ],
          [
            -89.798129,
            38.321097
          ],
          [
            -89.798154,
            38.321179
          ],
          [
            -89.798162,
            38.321283
          ],
          [
            -89.798153,
            38.321357
          ],
          [
            -89.798151,
            38.32146
          ],
          [
            -89.798138,
            38.321557
          ],
          [
            -89.798158,
            38.321631
          ],
          [
            -89.798185,
            38.321714
          ],
          [
            -89.798192,
            38.321808
          ],
          [
            -89.798193,
            38.321913
          ],
          [
            -89.798184,
            38.321995
          ],
          [
            -89.798213,
            38.322095
          ],
          [
            -89.798194,
            38.322179
          ],
          [
            -89.798218,
            38.322267
          ],
          [
            -89.798197,
            38.32235
          ],
          [
            -89.798209,
            38.322446
          ],
          [
            -89.798215,
            38.322546
          ],
          [
            -89.798231,
            38.322626
          ],
          [
            -89.798234,
            38.322723
          ],
          [
            -89.798223,
            38.322792
          ],
          [
            -89.798235,
            38.322891
          ],
          [
            -89.798243,
            38.322993
          ],
          [
            -89.798253,
            38.323092
          ],
          [
            -89.798256,
            38.323158
          ],
          [
            -89.79826,
            38.323257
          ],
          [
            -89.798224,
            38.323361
          ],
          [
            -89.798256,
            38.323432
          ],
          [
            -89.798267,
            38.323531
          ],
          [
            -89.798266,
            38.323623
          ],
          [
            -89.798289,
            38.323715
          ],
          [
            -89.798267,
            38.323779
          ],
          [
            -89.798277,
            38.323895
          ],
          [
            -89.798267,
            38.32397
          ],
          [
            -89.798281,
            38.324082
          ],
          [
            -89.798286,
            38.324149
          ],
          [
            -89.798294,
            38.324245
          ],
          [
            -89.798322,
            38.324321
          ],
          [
            -89.79831,
            38.324396
          ],
          [
            -89.798313,
            38.324509
          ],
          [
            -89.798321,
            38.324593
          ],
          [
            -89.798317,
            38.324696
          ],
          [
            -89.798332,
            38.324776
          ],
          [
            -89.79835,
            38.324885
          ],
          [
            -89.798334,
            38.324962
          ],
          [
            -89.798332,
            38.32507
          ],
          [
            -89.79835,
            38.325127
          ],
          [
            -89.798333,
            38.325239
          ],
          [
            -89.798346,
            38.325314
          ],
          [
            -89.798357,
            38.325394
          ],
          [
            -89.798379,
            38.325496
          ],
          [
            -89.798361,
            38.325587
          ],
          [
            -89.798373,
            38.325685
          ],
          [
            -89.798402,
            38.325765
          ],
          [
            -89.798383,
            38.325861
          ],
          [
            -89.798387,
            38.325953
          ],
          [
            -89.798399,
            38.32604
          ],
          [
            -89.798403,
            38.326136
          ],
          [
            -89.798412,
            38.326225
          ],
          [
            -89.798411,
            38.326318
          ],
          [
            -89.798415,
            38.326387
          ],
          [
            -89.798418,
            38.326492
          ],
          [
            -89.798422,
            38.326578
          ],
          [
            -89.798427,
            38.326672
          ],
          [
            -89.798415,
            38.326766
          ],
          [
            -89.798418,
            38.326864
          ],
          [
            -89.798429,
            38.326924
          ],
          [
            -89.798444,
            38.327041
          ],
          [
            -89.798432,
            38.327117
          ],
          [
            -89.798442,
            38.327215
          ],
          [
            -89.79846,
            38.327301
          ],
          [
            -89.798461,
            38.327374
          ],
          [
            -89.798471,
            38.327478
          ],
          [
            -89.798477,
            38.32757
          ],
          [
            -89.798461,
            38.327657
          ],
          [
            -89.798485,
            38.327756
          ],
          [
            -89.798482,
            38.327852
          ],
          [
            -89.798511,
            38.32793
          ],
          [
            -89.798515,
            38.328012
          ],
          [
            -89.798508,
            38.328091
          ],
          [
            -89.798504,
            38.328187
          ],
          [
            -89.798513,
            38.328298
          ],
          [
            -89.798506,
            38.328374
          ],
          [
            -89.798507,
            38.328468
          ],
          [
            -89.798515,
            38.328548
          ],
          [
            -89.798532,
            38.328643
          ],
          [
            -89.798532,
            38.328732
          ],
          [
            -89.798548,
            38.328819
          ],
          [
            -89.798545,
            38.328918
          ],
          [
            -89.798552,
            38.32901
          ],
          [
            -89.798561,
            38.329117
          ],
          [
            -89.798561,
            38.329184
          ],
          [
            -89.798551,
            38.329269
          ],
          [
            -89.798543,
            38.32937
          ],
          [
            -89.79856,
            38.329451
          ],
          [
            -89.798572,
            38.329542
          ],
          [
            -89.798611,
            38.329631
          ],
          [
            -89.798582,
            38.32973
          ],
          [
            -89.798597,
            38.329795
          ],
          [
            -89.798591,
            38.329913
          ],
          [
            -89.798617,
            38.329991
          ],
          [
            -89.798608,
            38.330077
          ],
          [
            -89.798589,
            38.330164
          ],
          [
            -89.798591,
            38.330253
          ],
          [
            -89.798605,
            38.33036
          ],
          [
            -89.798629,
            38.330447
          ],
          [
            -89.798627,
            38.33053
          ],
          [
            -89.798642,
            38.330626
          ],
          [
            -89.79863,
            38.330713
          ],
          [
            -89.798645,
            38.330794
          ],
          [
            -89.798667,
            38.330872
          ],
          [
            -89.798647,
            38.330991
          ],
          [
            -89.798668,
            38.331083
          ],
          [
            -89.798665,
            38.331163
          ],
          [
            -89.798648,
            38.331261
          ],
          [
            -89.798663,
            38.331348
          ],
          [
            -89.798649,
            38.331429
          ],
          [
            -89.798699,
            38.331516
          ],
          [
            -89.798668,
            38.331615
          ],
          [
            -89.79869,
            38.3317
          ],
          [
            -89.798692,
            38.331801
          ],
          [
            -89.798703,
            38.331879
          ],
          [
            -89.798679,
            38.331954
          ],
          [
            -89.798695,
            38.33208
          ],
          [
            -89.79873,
            38.332156
          ],
          [
            -89.798696,
            38.33224
          ],
          [
            -89.798711,
            38.332336
          ],
          [
            -89.798747,
            38.332425
          ],
          [
            -89.798722,
            38.332514
          ],
          [
            -89.798735,
            38.332606
          ],
          [
            -89.798747,
            38.332688
          ],
          [
            -89.798731,
            38.332783
          ],
          [
            -89.798734,
            38.332888
          ],
          [
            -89.798752,
            38.332961
          ],
          [
            -89.79877,
            38.333048
          ],
          [
            -89.798722,
            38.333144
          ],
          [
            -89.798765,
            38.333216
          ],
          [
            -89.798782,
            38.33331
          ],
          [
            -89.798767,
            38.333395
          ],
          [
            -89.798784,
            38.333505
          ],
          [
            -89.798764,
            38.333588
          ],
          [
            -89.798796,
            38.333684
          ],
          [
            -89.798783,
            38.333762
          ],
          [
            -89.798788,
            38.333872
          ],
          [
            -89.798805,
            38.333944
          ],
          [
            -89.798806,
            38.334042
          ],
          [
            -89.798807,
            38.334124
          ],
          [
            -89.798808,
            38.334211
          ],
          [
            -89.798827,
            38.334311
          ],
          [
            -89.798829,
            38.334386
          ],
          [
            -89.79883,
            38.33449
          ],
          [
            -89.798834,
            38.334582
          ],
          [
            -89.798852,
            38.334662
          ],
          [
            -89.798811,
            38.334758
          ],
          [
            -89.798847,
            38.334855
          ],
          [
            -89.798865,
            38.334936
          ],
          [
            -89.798841,
            38.335039
          ],
          [
            -89.798853,
            38.335111
          ],
          [
            -89.798864,
            38.335205
          ],
          [
            -89.798875,
            38.335297
          ],
          [
            -89.798872,
            38.335373
          ],
          [
            -89.798874,
            38.335483
          ],
          [
            -89.798902,
            38.335559
          ],
          [
            -89.798903,
            38.33566
          ],
          [
            -89.798911,
            38.335745
          ],
          [
            -89.79889,
            38.335844
          ],
          [
            -89.798908,
            38.335933
          ],
          [
            -89.798926,
            38.336008
          ],
          [
            -89.798917,
            38.336102
          ],
          [
            -89.798922,
            38.336195
          ],
          [
            -89.798929,
            38.33628
          ],
          [
            -89.79893,
            38.336381
          ],
          [
            -89.798939,
            38.336456
          ],
          [
            -89.798934,
            38.336547
          ],
          [
            -89.798936,
            38.33663
          ],
          [
            -89.798934,
            38.336726
          ],
          [
            -89.79896,
            38.336818
          ],
          [
            -89.798965,
            38.336894
          ],
          [
            -89.798935,
            38.337006
          ],
          [
            -89.798953,
            38.337079
          ],
          [
            -89.798949,
            38.33719
          ],
          [
            -89.798983,
            38.337265
          ],
          [
            -89.798985,
            38.337339
          ],
          [
            -89.798977,
            38.337443
          ],
          [
            -89.798991,
            38.337533
          ],
          [
            -89.798985,
            38.337652
          ],
          [
            -89.798998,
            38.33772
          ],
          [
            -89.79899,
            38.337812
          ],
          [
            -89.79899,
            38.337897
          ],
          [
            -89.799007,
            38.33799
          ],
          [
            -89.799002,
            38.338073
          ],
          [
            -89.799016,
            38.338157
          ],
          [
            -89.799027,
            38.338248
          ],
          [
            -89.799009,
            38.338346
          ],
          [
            -89.79903,
            38.338431
          ],
          [
            -89.799045,
            38.338535
          ],
          [
            -89.799035,
            38.338617
          ],
          [
            -89.799055,
            38.33871
          ],
          [
            -89.799048,
            38.338786
          ],
          [
            -89.799033,
            38.33888
          ],
          [
            -89.799051,
            38.338991
          ],
          [
            -89.799076,
            38.33906
          ],
          [
            -89.799065,
            38.339159
          ],
          [
            -89.799071,
            38.339253
          ],
          [
            -89.799071,
            38.339348
          ],
          [
            -89.799076,
            38.339428
          ],
          [
            -89.799069,
            38.339518
          ],
          [
            -89.799085,
            38.339611
          ],
          [
            -89.79909,
            38.339687
          ],
          [
            -89.799095,
            38.339784
          ],
          [
            -89.799093,
            38.339868
          ],
          [
            -89.799122,
            38.339964
          ],
          [
            -89.799117,
            38.340067
          ],
          [
            -89.799134,
            38.340155
          ],
          [
            -89.799108,
            38.340231
          ],
          [
            -89.799118,
            38.340328
          ],
          [
            -89.799118,
            38.340435
          ],
          [
            -89.799133,
            38.340503
          ],
          [
            -89.799153,
            38.340608
          ],
          [
            -89.799169,
            38.340684
          ],
          [
            -89.799162,
            38.340778
          ],
          [
            -89.799142,
            38.340871
          ],
          [
            -89.799144,
            38.340959
          ],
          [
            -89.799188,
            38.341044
          ],
          [
            -89.799152,
            38.341135
          ],
          [
            -89.799163,
            38.341227
          ],
          [
            -89.799191,
            38.34132
          ],
          [
            -89.799179,
            38.341413
          ],
          [
            -89.799204,
            38.341497
          ],
          [
            -89.799206,
            38.341566
          ],
          [
            -89.799235,
            38.341669
          ],
          [
            -89.799299,
            38.341754
          ],
          [
            -89.799357,
            38.341828
          ],
          [
            -89.799435,
            38.341899
          ],
          [
            -89.799467,
            38.341985
          ],
          [
            -89.799525,
            38.342077
          ],
          [
            -89.799579,
            38.342144
          ],
          [
            -89.79961,
            38.342215
          ],
          [
            -89.799696,
            38.342286
          ],
          [
            -89.799781,
            38.342342
          ],
          [
            -89.799875,
            38.342409
          ],
          [
            -89.799962,
            38.342445
          ],
          [
            -89.800047,
            38.342486
          ],
          [
            -89.800152,
            38.342553
          ],
          [
            -89.800241,
            38.342617
          ],
          [
            -89.800333,
            38.342657
          ],
          [
            -89.800436,
            38.342714
          ],
          [
            -89.800507,
            38.342754
          ],
          [
            -89.800602,
            38.342836
          ],
          [
            -89.800709,
            38.342867
          ],
          [
            -89.800791,
            38.342929
          ],
          [
            -89.800884,
            38.342982
          ],
          [
            -89.800993,
            38.343032
          ],
          [
            -89.801098,
            38.343101
          ],
          [
            -89.801178,
            38.343141
          ],
          [
            -89.80127,
            38.343185
          ],
          [
            -89.801364,
            38.34324
          ],
          [
            -89.801439,
            38.3433
          ],
          [
            -89.801531,
            38.343351
          ],
          [
            -89.801627,
            38.343415
          ],
          [
            -89.801729,
            38.343466
          ],
          [
            -89.801839,
            38.343516
          ],
          [
            -89.801913,
            38.343555
          ],
          [
            -89.80201,
            38.343624
          ],
          [
            -89.80209,
            38.343659
          ],
          [
            -89.802186,
            38.343714
          ],
          [
            -89.80229,
            38.343779
          ],
          [
            -89.802371,
            38.34382
          ],
          [
            -89.802486,
            38.343874
          ],
          [
            -89.802544,
            38.343912
          ],
          [
            -89.80266,
            38.343989
          ],
          [
            -89.802759,
            38.344036
          ],
          [
            -89.802852,
            38.344086
          ],
          [
            -89.802946,
            38.344136
          ],
          [
            -89.803026,
            38.344189
          ],
          [
            -89.803122,
            38.344251
          ],
          [
            -89.803224,
            38.3443
          ],
          [
            -89.803298,
            38.34436
          ],
          [
            -89.803398,
            38.344415
          ],
          [
            -89.803504,
            38.34448
          ],
          [
            -89.803617,
            38.344512
          ],
          [
            -89.803685,
            38.344558
          ],
          [
            -89.803796,
            38.344617
          ],
          [
            -89.803861,
            38.344664
          ],
          [
            -89.803955,
            38.344725
          ],
          [
            -89.804056,
            38.344777
          ],
          [
            -89.804151,
            38.344836
          ],
          [
            -89.804237,
            38.344881
          ],
          [
            -89.80433,
            38.344946
          ],
          [
            -89.804398,
            38.344999
          ],
          [
            -89.8045,
            38.345026
          ],
          [
            -89.804617,
            38.3451
          ],
          [
            -89.804704,
            38.345139
          ],
          [
            -89.804806,
            38.345192
          ],
          [
            -89.804878,
            38.345259
          ],
          [
            -89.804986,
            38.345299
          ],
          [
            -89.805076,
            38.345363
          ],
          [
            -89.805185,
            38.345419
          ],
          [
            -89.805257,
            38.34545
          ],
          [
            -89.805352,
            38.345506
          ],
          [
            -89.805443,
            38.345572
          ],
          [
            -89.805529,
            38.345622
          ],
          [
            -89.805629,
            38.345666
          ],
          [
            -89.805708,
            38.345737
          ],
          [
            -89.805823,
            38.34577
          ],
          [
            -89.8059,
            38.345853
          ],
          [
            -89.806002,
            38.345889
          ],
          [
            -89.806085,
            38.345931
          ],
          [
            -89.806208,
            38.345998
          ],
          [
            -89.80625,
            38.346056
          ],
          [
            -89.806354,
            38.3461
          ],
          [
            -89.80645,
            38.34616
          ],
          [
            -89.806565,
            38.346203
          ],
          [
            -89.806645,
            38.346265
          ],
          [
            -89.806725,
            38.346321
          ],
          [
            -89.80684,
            38.346369
          ],
          [
            -89.806931,
            38.346421
          ],
          [
            -89.807023,
            38.3465
          ],
          [
            -89.807102,
            38.346513
          ],
          [
            -89.807232,
            38.346575
          ],
          [
            -89.807311,
            38.346626
          ],
          [
            -89.8074,
            38.346683
          ],
          [
            -89.807481,
            38.346722
          ],
          [
            -89.807587,
            38.346766
          ],
          [
            -89.807687,
            38.34684
          ],
          [
            -89.807751,
            38.346901
          ],
          [
            -89.807846,
            38.34694
          ],
          [
            -89.807949,
            38.346993
          ],
          [
            -89.808053,
            38.347046
          ],
          [
            -89.808161,
            38.347104
          ],
          [
            -89.808223,
            38.34716
          ],
          [
            -89.808308,
            38.347205
          ],
          [
            -89.808421,
            38.347256
          ],
          [
            -89.808524,
            38.347317
          ],
          [
            -89.808612,
            38.347347
          ],
          [
            -89.808694,
            38.34743
          ],
          [
            -89.808775,
            38.347465
          ],
          [
            -89.808861,
            38.34753
          ],
          [
            -89.80896,
            38.347587
          ],
          [
            -89.809065,
            38.347621
          ],
          [
            -89.80916,
            38.347679
          ],
          [
            -89.809237,
            38.34773
          ],
          [
            -89.80935,
            38.34778
          ],
          [
            -89.809419,
            38.347849
          ],
          [
            -89.809519,
            38.347903
          ],
          [
            -89.809609,
            38.347945
          ],
          [
            -89.809701,
            38.347992
          ],
          [
            -89.809791,
            38.348044
          ],
          [
            -89.809885,
            38.34812
          ],
          [
            -89.809969,
            38.348159
          ],
          [
            -89.810082,
            38.348198
          ],
          [
            -89.810168,
            38.348272
          ],
          [
            -89.810261,
            38.348316
          ],
          [
            -89.810377,
            38.348368
          ],
          [
            -89.810468,
            38.348442
          ],
          [
            -89.810533,
            38.348477
          ],
          [
            -89.810639,
            38.348525
          ],
          [
            -89.810747,
            38.348572
          ],
          [
            -89.810828,
            38.348641
          ],
          [
            -89.810916,
            38.34868
          ],
          [
            -89.810995,
            38.348729
          ],
          [
            -89.811108,
            38.348786
          ],
          [
            -89.811187,
            38.348862
          ],
          [
            -89.811279,
            38.348897
          ],
          [
            -89.811392,
            38.348963
          ],
          [
            -89.811461,
            38.349022
          ],
          [
            -89.811571,
            38.349078
          ],
          [
            -89.811648,
            38.3491
          ],
          [
            -89.811744,
            38.349166
          ],
          [
            -89.811858,
            38.349228
          ],
          [
            -89.811943,
            38.349274
          ],
          [
            -89.812032,
            38.349325
          ],
          [
            -89.812136,
            38.349364
          ],
          [
            -89.812218,
            38.349437
          ],
          [
            -89.812303,
            38.349487
          ],
          [
            -89.812413,
            38.349528
          ],
          [
            -89.812484,
            38.349583
          ],
          [
            -89.812579,
            38.349642
          ],
          [
            -89.812674,
            38.3497
          ],
          [
            -89.812784,
            38.349766
          ],
          [
            -89.812862,
            38.349816
          ],
          [
            -89.812954,
            38.349856
          ],
          [
            -89.813049,
            38.349909
          ],
          [
            -89.813136,
            38.349945
          ],
          [
            -89.813209,
            38.35001
          ],
          [
            -89.813308,
            38.350062
          ],
          [
            -89.813429,
            38.350115
          ],
          [
            -89.813518,
            38.35018
          ],
          [
            -89.813627,
            38.350212
          ],
          [
            -89.813681,
            38.350274
          ],
          [
            -89.813781,
            38.350323
          ],
          [
            -89.81388,
            38.350378
          ],
          [
            -89.813966,
            38.350421
          ],
          [
            -89.814091,
            38.350479
          ],
          [
            -89.814175,
            38.350546
          ],
          [
            -89.814256,
            38.350596
          ],
          [
            -89.814336,
            38.350629
          ],
          [
            -89.81444,
            38.350691
          ],
          [
            -89.814522,
            38.350764
          ],
          [
            -89.814628,
            38.350806
          ],
          [
            -89.814702,
            38.350855
          ],
          [
            -89.814807,
            38.350908
          ],
          [
            -89.814903,
            38.350963
          ],
          [
            -89.815006,
            38.351
          ],
          [
            -89.815099,
            38.351067
          ],
          [
            -89.815176,
            38.351125
          ],
          [
            -89.815281,
            38.351177
          ],
          [
            -89.815375,
            38.351233
          ],
          [
            -89.815468,
            38.351266
          ],
          [
            -89.815553,
            38.351332
          ],
          [
            -89.815653,
            38.351377
          ],
          [
            -89.815739,
            38.351439
          ],
          [
            -89.815834,
            38.351501
          ],
          [
            -89.815918,
            38.351551
          ],
          [
            -89.816009,
            38.351604
          ],
          [
            -89.816102,
            38.351636
          ],
          [
            -89.816196,
            38.351709
          ],
          [
            -89.816292,
            38.351763
          ],
          [
            -89.816389,
            38.351812
          ],
          [
            -89.816485,
            38.35187
          ],
          [
            -89.816585,
            38.351912
          ],
          [
            -89.816661,
            38.351973
          ],
          [
            -89.816756,
            38.352026
          ],
          [
            -89.816869,
            38.352084
          ],
          [
            -89.816953,
            38.352133
          ],
          [
            -89.817027,
            38.352189
          ],
          [
            -89.817141,
            38.352233
          ],
          [
            -89.817219,
            38.352291
          ],
          [
            -89.817316,
            38.352343
          ],
          [
            -89.817423,
            38.352379
          ],
          [
            -89.817501,
            38.352437
          ],
          [
            -89.817583,
            38.352478
          ],
          [
            -89.817672,
            38.352554
          ],
          [
            -89.817775,
            38.352594
          ],
          [
            -89.817846,
            38.352676
          ],
          [
            -89.817944,
            38.352704
          ],
          [
            -89.818057,
            38.352766
          ],
          [
            -89.818143,
            38.352819
          ],
          [
            -89.818243,
            38.352879
          ],
          [
            -89.818331,
            38.352926
          ],
          [
            -89.818414,
            38.352968
          ],
          [
            -89.818498,
            38.353023
          ],
          [
            -89.81862,
            38.35307
          ],
          [
            -89.818737,
            38.35314
          ],
          [
            -89.818786,
            38.353195
          ],
          [
            -89.818911,
            38.353216
          ],
          [
            -89.818983,
            38.353296
          ],
          [
            -89.81908,
            38.353339
          ],
          [
            -89.819169,
            38.353392
          ],
          [
            -89.81926,
            38.353441
          ],
          [
            -89.819352,
            38.353493
          ],
          [
            -89.819447,
            38.353547
          ],
          [
            -89.819559,
            38.353597
          ],
          [
            -89.819641,
            38.353659
          ],
          [
            -89.819714,
            38.353717
          ],
          [
            -89.819819,
            38.353768
          ],
          [
            -89.81991,
            38.353817
          ],
          [
            -89.820005,
            38.353866
          ],
          [
            -89.820092,
            38.353932
          ],
          [
            -89.820198,
            38.353978
          ],
          [
            -89.820278,
            38.354035
          ],
          [
            -89.820364,
            38.354087
          ],
          [
            -89.820475,
            38.354142
          ],
          [
            -89.820565,
            38.354182
          ],
          [
            -89.820656,
            38.354258
          ],
          [
            -89.820742,
            38.354295
          ],
          [
            -89.820852,
            38.354334
          ],
          [
            -89.820934,
            38.354401
          ],
          [
            -89.821029,
            38.354447
          ],
          [
            -89.821119,
            38.354499
          ],
          [
            -89.821207,
            38.354548
          ],
          [
            -89.821309,
            38.354615
          ],
          [
            -89.821413,
            38.354668
          ],
          [
            -89.821481,
            38.354711
          ],
          [
            -89.821581,
            38.354781
          ],
          [
            -89.821678,
            38.354844
          ],
          [
            -89.821767,
            38.354868
          ],
          [
            -89.821879,
            38.354945
          ],
          [
            -89.82196,
            38.35497
          ],
          [
            -89.822044,
            38.355047
          ],
          [
            -89.822152,
            38.355084
          ],
          [
            -89.822206,
            38.355124
          ],
          [
            -89.822322,
            38.355185
          ],
          [
            -89.822409,
            38.355251
          ],
          [
            -89.822511,
            38.355309
          ],
          [
            -89.822623,
            38.35535
          ],
          [
            -89.82269,
            38.35541
          ],
          [
            -89.822802,
            38.355453
          ],
          [
            -89.822879,
            38.355519
          ],
          [
            -89.822977,
            38.355567
          ],
          [
            -89.823056,
            38.355629
          ],
          [
            -89.823148,
            38.35568
          ],
          [
            -89.823245,
            38.35572
          ],
          [
            -89.82335,
            38.355786
          ],
          [
            -89.823441,
            38.355829
          ],
          [
            -89.823529,
            38.355898
          ],
          [
            -89.823632,
            38.355922
          ],
          [
            -89.823708,
            38.35599
          ],
          [
            -89.82381,
            38.356052
          ],
          [
            -89.823921,
            38.356095
          ],
          [
            -89.823978,
            38.356147
          ],
          [
            -89.824073,
            38.356192
          ],
          [
            -89.824172,
            38.35625
          ],
          [
            -89.824259,
            38.356309
          ],
          [
            -89.824386,
            38.356368
          ],
          [
            -89.824461,
            38.356423
          ],
          [
            -89.824551,
            38.356481
          ],
          [
            -89.824652,
            38.35651
          ],
          [
            -89.824741,
            38.356564
          ],
          [
            -89.824811,
            38.356604
          ],
          [
            -89.824926,
            38.356672
          ],
          [
            -89.82502,
            38.356727
          ],
          [
            -89.825092,
            38.356763
          ],
          [
            -89.825209,
            38.356826
          ],
          [
            -89.825289,
            38.356888
          ],
          [
            -89.825397,
            38.356932
          ],
          [
            -89.825462,
            38.356992
          ],
          [
            -89.825567,
            38.357032
          ],
          [
            -89.825656,
            38.357093
          ],
          [
            -89.825757,
            38.357149
          ],
          [
            -89.825861,
            38.357205
          ],
          [
            -89.825936,
            38.357254
          ],
          [
            -89.826054,
            38.357312
          ],
          [
            -89.826131,
            38.357375
          ],
          [
            -89.826201,
            38.357429
          ],
          [
            -89.82633,
            38.357474
          ],
          [
            -89.82641,
            38.357524
          ],
          [
            -89.826492,
            38.357561
          ],
          [
            -89.826597,
            38.357617
          ],
          [
            -89.826692,
            38.357681
          ],
          [
            -89.826781,
            38.357729
          ],
          [
            -89.826859,
            38.357787
          ],
          [
            -89.826957,
            38.357841
          ],
          [
            -89.827073,
            38.357885
          ],
          [
            -89.827136,
            38.35793
          ],
          [
            -89.827247,
            38.357989
          ],
          [
            -89.827348,
            38.358036
          ],
          [
            -89.827421,
            38.358106
          ],
          [
            -89.827504,
            38.358152
          ],
          [
            -89.827598,
            38.358217
          ],
          [
            -89.827694,
            38.358255
          ],
          [
            -89.827812,
            38.358299
          ],
          [
            -89.827896,
            38.358373
          ],
          [
            -89.82797,
            38.35844
          ],
          [
            -89.828063,
            38.358468
          ],
          [
            -89.828169,
            38.358531
          ],
          [
            -89.828277,
            38.358582
          ],
          [
            -89.828352,
            38.35863
          ],
          [
            -89.828431,
            38.358659
          ],
          [
            -89.828537,
            38.358725
          ],
          [
            -89.828636,
            38.358783
          ],
          [
            -89.828721,
            38.35885
          ],
          [
            -89.828834,
            38.358899
          ],
          [
            -89.8289,
            38.358932
          ],
          [
            -89.829023,
            38.358979
          ],
          [
            -89.82909,
            38.359064
          ],
          [
            -89.829196,
            38.359098
          ],
          [
            -89.829275,
            38.359171
          ],
          [
            -89.829369,
            38.359206
          ],
          [
            -89.829469,
            38.359252
          ],
          [
            -89.829563,
            38.35933
          ],
          [
            -89.82964,
            38.359381
          ],
          [
            -89.82974,
            38.359417
          ],
          [
            -89.829835,
            38.359488
          ],
          [
            -89.829928,
            38.359529
          ],
          [
            -89.830028,
            38.359587
          ],
          [
            -89.83012,
            38.359643
          ],
          [
            -89.83021,
            38.35967
          ],
          [
            -89.830307,
            38.359736
          ],
          [
            -89.830391,
            38.359801
          ],
          [
            -89.830489,
            38.359831
          ],
          [
            -89.830591,
            38.359906
          ],
          [
            -89.830678,
            38.359946
          ],
          [
            -89.830774,
            38.360004
          ],
          [
            -89.830856,
            38.360073
          ],
          [
            -89.830957,
            38.36012
          ],
          [
            -89.831062,
            38.360165
          ],
          [
            -89.831158,
            38.360215
          ],
          [
            -89.831225,
            38.360263
          ],
          [
            -89.831328,
            38.36031
          ],
          [
            -89.831419,
            38.360391
          ],
          [
            -89.831504,
            38.360415
          ],
          [
            -89.831596,
            38.360464
          ],
          [
            -89.831709,
            38.360552
          ],
          [
            -89.831782,
            38.36058
          ],
          [
            -89.831881,
            38.36064
          ],
          [
            -89.831973,
            38.360704
          ],
          [
            -89.832083,
            38.360752
          ],
          [
            -89.832157,
            38.360795
          ],
          [
            -89.832247,
            38.360836
          ],
          [
            -89.832355,
            38.360906
          ],
          [
            -89.832417,
            38.36098
          ],
          [
            -89.832519,
            38.361004
          ],
          [
            -89.832593,
            38.36107
          ],
          [
            -89.83271,
            38.361116
          ],
          [
            -89.832814,
            38.361179
          ],
          [
            -89.83289,
            38.36123
          ],
          [
            -89.832996,
            38.361278
          ],
          [
            -89.833074,
            38.361325
          ],
          [
            -89.833188,
            38.361375
          ],
          [
            -89.83326,
            38.361421
          ],
          [
            -89.833365,
            38.361471
          ],
          [
            -89.833464,
            38.361537
          ],
          [
            -89.833573,
            38.36159
          ],
          [
            -89.833657,
            38.361646
          ],
          [
            -89.833716,
            38.361697
          ],
          [
            -89.833847,
            38.36174
          ],
          [
            -89.833926,
            38.361823
          ],
          [
            -89.834016,
            38.361862
          ],
          [
            -89.834103,
            38.361904
          ],
          [
            -89.834229,
            38.361976
          ],
          [
            -89.834303,
            38.362004
          ],
          [
            -89.834372,
            38.362076
          ],
          [
            -89.834468,
            38.36212
          ],
          [
            -89.834573,
            38.362171
          ],
          [
            -89.834684,
            38.362242
          ],
          [
            -89.834747,
            38.362301
          ],
          [
            -89.834849,
            38.362331
          ],
          [
            -89.834962,
            38.362377
          ],
          [
            -89.83504,
            38.362449
          ],
          [
            -89.835126,
            38.3625
          ],
          [
            -89.835229,
            38.362551
          ],
          [
            -89.835321,
            38.362596
          ],
          [
            -89.835422,
            38.362637
          ],
          [
            -89.835505,
            38.362719
          ],
          [
            -89.835587,
            38.362748
          ],
          [
            -89.835687,
            38.362816
          ],
          [
            -89.835765,
            38.362858
          ],
          [
            -89.835884,
            38.362908
          ],
          [
            -89.835963,
            38.362974
          ],
          [
            -89.836046,
            38.363019
          ],
          [
            -89.836153,
            38.363083
          ],
          [
            -89.836234,
            38.363136
          ],
          [
            -89.836344,
            38.363162
          ],
          [
            -89.836431,
            38.363226
          ],
          [
            -89.836525,
            38.363275
          ],
          [
            -89.836616,
            38.363343
          ],
          [
            -89.83672,
            38.363403
          ],
          [
            -89.836803,
            38.363444
          ],
          [
            -89.83691,
            38.363491
          ],
          [
            -89.83698,
            38.363548
          ],
          [
            -89.837077,
            38.363596
          ],
          [
            -89.83717,
            38.363644
          ],
          [
            -89.837252,
            38.363721
          ],
          [
            -89.837358,
            38.363762
          ],
          [
            -89.837461,
            38.363794
          ],
          [
            -89.837553,
            38.363873
          ],
          [
            -89.837634,
            38.363902
          ],
          [
            -89.83773,
            38.363956
          ],
          [
            -89.8378,
            38.36402
          ],
          [
            -89.837909,
            38.364071
          ],
          [
            -89.838007,
            38.364132
          ],
          [
            -89.838105,
            38.364192
          ],
          [
            -89.838199,
            38.364233
          ],
          [
            -89.83828,
            38.364283
          ],
          [
            -89.838367,
            38.364346
          ],
          [
            -89.83845,
            38.364398
          ],
          [
            -89.838577,
            38.364452
          ],
          [
            -89.83868,
            38.364496
          ],
          [
            -89.838767,
            38.364559
          ],
          [
            -89.838841,
            38.364582
          ],
          [
            -89.838953,
            38.364656
          ],
          [
            -89.839038,
            38.364708
          ],
          [
            -89.839119,
            38.36477
          ],
          [
            -89.839195,
            38.364819
          ],
          [
            -89.83931,
            38.364866
          ],
          [
            -89.83939,
            38.364909
          ],
          [
            -89.839497,
            38.364968
          ],
          [
            -89.839572,
            38.365024
          ],
          [
            -89.839673,
            38.365083
          ],
          [
            -89.839761,
            38.365126
          ],
          [
            -89.839874,
            38.365197
          ],
          [
            -89.839938,
            38.365223
          ],
          [
            -89.84004,
            38.365283
          ],
          [
            -89.840174,
            38.365338
          ],
          [
            -89.840216,
            38.365393
          ],
          [
            -89.84035,
            38.365444
          ],
          [
            -89.84042,
            38.365503
          ],
          [
            -89.840522,
            38.365553
          ],
          [
            -89.840602,
            38.365598
          ],
          [
            -89.840719,
            38.365654
          ],
          [
            -89.840793,
            38.365719
          ],
          [
            -89.840863,
            38.365777
          ],
          [
            -89.840976,
            38.365835
          ],
          [
            -89.841082,
            38.365868
          ],
          [
            -89.841157,
            38.36593
          ],
          [
            -89.841256,
            38.365992
          ],
          [
            -89.841356,
            38.366015
          ],
          [
            -89.841457,
            38.366088
          ],
          [
            -89.841529,
            38.366133
          ],
          [
            -89.841626,
            38.366187
          ],
          [
            -89.841717,
            38.366243
          ],
          [
            -89.841825,
            38.366298
          ],
          [
            -89.841903,
            38.366345
          ],
          [
            -89.841997,
            38.366404
          ],
          [
            -89.842095,
            38.366454
          ],
          [
            -89.842186,
            38.366502
          ],
          [
            -89.842272,
            38.366554
          ],
          [
            -89.842375,
            38.366617
          ],
          [
            -89.842449,
            38.366666
          ],
          [
            -89.842562,
            38.366726
          ],
          [
            -89.842652,
            38.36678
          ],
          [
            -89.842747,
            38.366837
          ],
          [
            -89.842836,
            38.366886
          ],
          [
            -89.842938,
            38.366908
          ],
          [
            -89.843032,
            38.366986
          ],
          [
            -89.843117,
            38.36703
          ],
          [
            -89.843213,
            38.367079
          ],
          [
            -89.843294,
            38.36714
          ],
          [
            -89.843401,
            38.367191
          ],
          [
            -89.843505,
            38.36726
          ],
          [
            -89.843577,
            38.367316
          ],
          [
            -89.84367,
            38.367349
          ],
          [
            -89.843778,
            38.367405
          ],
          [
            -89.843861,
            38.367454
          ],
          [
            -89.843943,
            38.367515
          ],
          [
            -89.844059,
            38.367554
          ],
          [
            -89.844113,
            38.367606
          ],
          [
            -89.844229,
            38.367663
          ],
          [
            -89.844322,
            38.367712
          ],
          [
            -89.844404,
            38.367775
          ],
          [
            -89.844487,
            38.367837
          ],
          [
            -89.844593,
            38.367886
          ],
          [
            -89.844686,
            38.367934
          ],
          [
            -89.844798,
            38.367985
          ],
          [
            -89.844871,
            38.368034
          ],
          [
            -89.844959,
            38.368089
          ],
          [
            -89.84507,
            38.368133
          ],
          [
            -89.845173,
            38.368184
          ],
          [
            -89.845229,
            38.368242
          ],
          [
            -89.845324,
            38.368309
          ],
          [
            -89.845429,
            38.368348
          ],
          [
            -89.845512,
            38.368406
          ],
          [
            -89.845603,
            38.368462
          ],
          [
            -89.845717,
            38.368519
          ],
          [
            -89.845813,
            38.368548
          ],
          [
            -89.845905,
            38.36861
          ],
          [
            -89.84598,
            38.368666
          ],
          [
            -89.846076,
            38.368712
          ],
          [
            -89.846171,
            38.368768
          ],
          [
            -89.846277,
            38.368828
          ],
          [
            -89.846343,
            38.368877
          ],
          [
            -89.84645,
            38.368933
          ],
          [
            -89.846533,
            38.368986
          ],
          [
            -89.846644,
            38.369039
          ],
          [
            -89.846736,
            38.369089
          ],
          [
            -89.846808,
            38.369139
          ],
          [
            -89.846922,
            38.369207
          ],
          [
            -89.847002,
            38.369251
          ],
          [
            -89.847101,
            38.369304
          ],
          [
            -89.847194,
            38.369363
          ],
          [
            -89.847302,
            38.369419
          ],
          [
            -89.847376,
            38.369484
          ],
          [
            -89.84748,
            38.36952
          ],
          [
            -89.847561,
            38.369565
          ],
          [
            -89.847661,
            38.369614
          ],
          [
            -89.84774,
            38.369686
          ],
          [
            -89.847857,
            38.369727
          ],
          [
            -89.847932,
            38.369773
          ],
          [
            -89.848021,
            38.36983
          ],
          [
            -89.848098,
            38.369884
          ],
          [
            -89.848216,
            38.36996
          ],
          [
            -89.848313,
            38.369987
          ],
          [
            -89.84839,
            38.370058
          ],
          [
            -89.848471,
            38.370108
          ],
          [
            -89.848581,
            38.370151
          ],
          [
            -89.848673,
            38.370206
          ],
          [
            -89.848761,
            38.370238
          ],
          [
            -89.848857,
            38.370306
          ],
          [
            -89.848954,
            38.370348
          ],
          [
            -89.849052,
            38.370412
          ],
          [
            -89.849153,
            38.370466
          ],
          [
            -89.849222,
            38.370542
          ],
          [
            -89.849327,
            38.370566
          ],
          [
            -89.849426,
            38.370656
          ],
          [
            -89.849513,
            38.37066
          ],
          [
            -89.849601,
            38.370738
          ],
          [
            -89.849689,
            38.370796
          ],
          [
            -89.849793,
            38.37083
          ],
          [
            -89.849902,
            38.3709
          ],
          [
            -89.849986,
            38.370951
          ],
          [
            -89.850082,
            38.371002
          ],
          [
            -89.850168,
            38.371044
          ],
          [
            -89.850265,
            38.371104
          ],
          [
            -89.850355,
            38.371157
          ],
          [
            -89.850452,
            38.37119
          ],
          [
            -89.850549,
            38.371247
          ],
          [
            -89.850631,
            38.371306
          ],
          [
            -89.850715,
            38.371371
          ],
          [
            -89.850788,
            38.371406
          ],
          [
            -89.850907,
            38.371475
          ],
          [
            -89.850998,
            38.371519
          ],
          [
            -89.851103,
            38.371575
          ],
          [
            -89.851183,
            38.37163
          ],
          [
            -89.85127,
            38.371687
          ],
          [
            -89.851371,
            38.37173
          ],
          [
            -89.851476,
            38.371777
          ],
          [
            -89.851555,
            38.371855
          ],
          [
            -89.851651,
            38.371884
          ],
          [
            -89.851742,
            38.371955
          ],
          [
            -89.85183,
            38.372002
          ],
          [
            -89.851921,
            38.372049
          ],
          [
            -89.852008,
            38.372103
          ],
          [
            -89.852103,
            38.372178
          ],
          [
            -89.852184,
            38.372206
          ],
          [
            -89.852297,
            38.372284
          ],
          [
            -89.852385,
            38.372327
          ],
          [
            -89.852495,
            38.372375
          ],
          [
            -89.852579,
            38.372414
          ],
          [
            -89.852661,
            38.37248
          ],
          [
            -89.852773,
            38.372528
          ],
          [
            -89.85286,
            38.372598
          ],
          [
            -89.85296,
            38.372632
          ],
          [
            -89.853035,
            38.372691
          ],
          [
            -89.853129,
            38.372741
          ],
          [
            -89.853226,
            38.372789
          ],
          [
            -89.85332,
            38.372841
          ],
          [
            -89.853403,
            38.372904
          ],
          [
            -89.853528,
            38.372948
          ],
          [
            -89.853598,
            38.373014
          ],
          [
            -89.85369,
            38.373051
          ],
          [
            -89.853802,
            38.373132
          ],
          [
            -89.85388,
            38.373174
          ],
          [
            -89.85397,
            38.373231
          ],
          [
            -89.854053,
            38.373247
          ],
          [
            -89.854137,
            38.373313
          ],
          [
            -89.854249,
            38.373376
          ],
          [
            -89.85434,
            38.373437
          ],
          [
            -89.85445,
            38.373473
          ],
          [
            -89.854519,
            38.373545
          ],
          [
            -89.854605,
            38.373566
          ],
          [
            -89.854718,
            38.373634
          ],
          [
            -89.8548,
            38.373691
          ],
          [
            -89.854889,
            38.373738
          ],
          [
            -89.854985,
            38.373789
          ],
          [
            -89.85509,
            38.373858
          ],
          [
            -89.855179,
            38.373897
          ],
          [
            -89.855272,
            38.373939
          ],
          [
            -89.855356,
            38.374015
          ],
          [
            -89.855447,
            38.374049
          ],
          [
            -89.855567,
            38.374107
          ],
          [
            -89.85564,
            38.374169
          ],
          [
            -89.855729,
            38.374204
          ],
          [
            -89.855817,
            38.374272
          ],
          [
            -89.855911,
            38.374315
          ],
          [
            -89.85602,
            38.374368
          ],
          [
            -89.856093,
            38.374421
          ],
          [
            -89.856187,
            38.374488
          ],
          [
            -89.856306,
            38.374557
          ],
          [
            -89.856393,
            38.374604
          ],
          [
            -89.85646,
            38.374635
          ],
          [
            -89.856588,
            38.374688
          ],
          [
            -89.856673,
            38.374731
          ],
          [
            -89.856762,
            38.374799
          ],
          [
            -89.85683,
            38.374871
          ],
          [
            -89.856934,
            38.374901
          ],
          [
            -89.857036,
            38.374957
          ],
          [
            -89.857133,
            38.374996
          ],
          [
            -89.857205,
            38.375066
          ],
          [
            -89.857325,
            38.375113
          ],
          [
            -89.857394,
            38.375166
          ],
          [
            -89.857518,
            38.375218
          ],
          [
            -89.857591,
            38.375273
          ],
          [
            -89.857684,
            38.375338
          ],
          [
            -89.857784,
            38.375402
          ],
          [
            -89.857887,
            38.375435
          ],
          [
            -89.857966,
            38.375487
          ],
          [
            -89.858063,
            38.375547
          ],
          [
            -89.858166,
            38.375585
          ],
          [
            -89.858207,
            38.375633
          ],
          [
            -89.85834,
            38.375679
          ],
          [
            -89.858432,
            38.375745
          ],
          [
            -89.85853,
            38.37581
          ],
          [
            -89.858614,
            38.375863
          ],
          [
            -89.858704,
            38.37592
          ],
          [
            -89.858796,
            38.375961
          ],
          [
            -89.858909,
            38.376014
          ],
          [
            -89.858981,
            38.37608
          ],
          [
            -89.85906,
            38.376123
          ],
          [
            -89.859149,
            38.376189
          ],
          [
            -89.859273,
            38.376225
          ],
          [
            -89.859332,
            38.376287
          ],
          [
            -89.859451,
            38.376336
          ],
          [
            -89.859529,
            38.376394
          ],
          [
            -89.85964,
            38.376432
          ],
          [
            -89.859715,
            38.376501
          ],
          [
            -89.859833,
            38.376561
          ],
          [
            -89.859921,
            38.376612
          ],
          [
            -89.859991,
            38.37664
          ],
          [
            -89.860102,
            38.376699
          ],
          [
            -89.860186,
            38.376773
          ],
          [
            -89.860289,
            38.376817
          ],
          [
            -89.860363,
            38.376871
          ],
          [
            -89.860454,
            38.376919
          ],
          [
            -89.860544,
            38.376966
          ],
          [
            -89.860641,
            38.377039
          ],
          [
            -89.860741,
            38.377087
          ],
          [
            -89.860839,
            38.377132
          ],
          [
            -89.860937,
            38.377173
          ],
          [
            -89.861019,
            38.37724
          ],
          [
            -89.861127,
            38.377287
          ],
          [
            -89.861184,
            38.377334
          ],
          [
            -89.861304,
            38.377375
          ],
          [
            -89.861397,
            38.377442
          ],
          [
            -89.861475,
            38.377498
          ],
          [
            -89.861568,
            38.37754
          ],
          [
            -89.861665,
            38.3776
          ],
          [
            -89.861765,
            38.37765
          ],
          [
            -89.861868,
            38.377719
          ],
          [
            -89.861971,
            38.377756
          ],
          [
            -89.862035,
            38.377812
          ],
          [
            -89.862119,
            38.377855
          ],
          [
            -89.862239,
            38.377932
          ],
          [
            -89.862306,
            38.377972
          ],
          [
            -89.862422,
            38.378024
          ],
          [
            -89.86251,
            38.378077
          ],
          [
            -89.862589,
            38.378128
          ],
          [
            -89.862683,
            38.378182
          ],
          [
            -89.862788,
            38.378224
          ],
          [
            -89.8629,
            38.378281
          ],
          [
            -89.862957,
            38.378352
          ],
          [
            -89.863059,
            38.378389
          ],
          [
            -89.863134,
            38.378443
          ],
          [
            -89.863242,
            38.378505
          ],
          [
            -89.863346,
            38.378553
          ],
          [
            -89.863459,
            38.3786
          ],
          [
            -89.863526,
            38.37865
          ],
          [
            -89.863605,
            38.378717
          ],
          [
            -89.863726,
            38.378757
          ],
          [
            -89.863806,
            38.378826
          ],
          [
            -89.863903,
            38.378869
          ],
          [
            -89.863987,
            38.378928
          ],
          [
            -89.864102,
            38.378985
          ],
          [
            -89.864181,
            38.379037
          ],
          [
            -89.864264,
            38.379085
          ],
          [
            -89.864371,
            38.37914
          ],
          [
            -89.864461,
            38.379195
          ],
          [
            -89.864557,
            38.379249
          ],
          [
            -89.864635,
            38.379293
          ],
          [
            -89.864742,
            38.379339
          ]
        ]
      },
      "properties": {
        "name": "flight_path"
      }
    }
  ]
}