timestamp_seconds,datetime_utc,latitude,longitude,altitude_m_agl,altitude_m_msl,heading_deg,pitch_deg,roll_deg,gimbal_pitch_deg,ground_speed_mps
0,2026-04-15T14:00:00Z,38.273141,-89.792489,39.94,189.94,271.21,-0.19,-2.25,-44.67,10.28
1,2026-04-15T14:00:01Z,38.273141,-89.792604,40.06,190.06,271.21,1.75,0.98,-44.89,10.09
2,2026-04-15T14:00:02Z,38.273139,-89.792728,40.12,190.12,271.21,0.06,-0.16,-44.47,10.52
3,2026-04-15T14:00:03Z,38.273135,-89.792834,40.25,190.25,271.21,-0.36,0.56,-44.75,10.35
4,2026-04-15T14:00:04Z,38.273157,-89.792958,40.28,190.28,271.21,-3.93,-0.91,-45.92,9.39
5,2026-04-15T14:00:05Z,38.273159,-89.793052,39.39,189.39,271.21,-1.50,-0.13,-45.29,10.34
6,2026-04-15T14:00:06Z,38.273154,-89.793165,40.32,190.32,271.21,0.97,0.72,-45.63,10.14
7,2026-04-15T14:00:07Z,38.273149,-89.793294,40.25,190.25,271.21,3.50,-1.23,-46.10,9.90
8,2026-04-15T14:00:08Z,38.273164,-89.793387,40.25,190.25,271.21,2.14,-0.14,-46.42,10.33
9,2026-04-15T14:00:09Z,38.273154,-89.793507,39.28,189.28,271.21,0.38,-0.47,-44.28,10.01
10,2026-04-15T14:00:10Z,38.273166,-89.793606,40.31,190.31,271.21,-0.84,-1.25,-44.05,9.76
11,2026-04-15T14:00:11Z,38.273158,-89.793748,40.37,190.37,271.21,-0.44,-2.76,-46.08,9.71
12,2026-04-15T14:00:12Z,38.273160,-89.793857,40.60,190.60,271.21,0.39,0.25,-43.92,9.99
13,2026-04-15T14:00:13Z,38.273175,-89.793973,39.49,189.49,271.21,0.57,1.84,-45.03,10.36
14,2026-04-15T14:00:14Z,38.273186,-89.794094,40.80,190.80,271.21,-0.77,-1.69,-45.15,10.05
15,2026-04-15T14:00:15Z,38.273183,-89.794196,40.34,190.34,271.21,1.07,0.83,-45.55,9.05
16,2026-04-15T14:00:16Z,38.273167,-89.794319,40.86,190.86,271.21,-0.64,2.04,-45.45,9.58
17,2026-04-15T14:00:17Z,38.273171,-89.794433,39.38,189.38,271.21,-1.81,1.33,-45.00,10.09
18,2026-04-15T14:00:18Z,38.273197,-89.794545,40.68,190.68,271.21,-0.18,0.48,-43.25,9.48
19,2026-04-15T14:00:19Z,38.273163,-89.794652,40.30,190.30,271.21,1.07,0.08,-45.52,10.61
20,2026-04-15T14:00:20Z,38.273169,-89.794775,39.90,189.90,271.21,-0.92,0.48,-46.57,10.81
21,2026-04-15T14:00:21Z,38.273178,-89.794889,40.41,190.41,271.21,-0.07,-1.68,-44.54,10.58
22,2026-04-15T14:00:22Z,38.273188,-89.795001,39.65,189.65,271.21,0.13,1.05,-43.73,10.45
23,2026-04-15T14:00:23Z,38.273191,-89.795118,41.08,191.08,271.21,-0.44,0.17,-43.52,10.10
24,2026-04-15T14:00:24Z,38.273189,-89.795230,40.60,190.60,271.21,-2.59,0.45,-44.77,9.79
25,2026-04-15T14:00:25Z,38.273184,-89.795340,40.30,190.30,271.21,0.78,-0.29,-46.48,9.60
26,2026-04-15T14:00:26Z,38.273195,-89.795465,39.63,189.63,271.21,0.73,-0.87,-44.60,10.21
27,2026-04-15T14:00:27Z,38.273202,-89.795587,40.19,190.19,276.51,3.40,-2.79,-44.30,10.00
28,2026-04-15T14:00:28Z,38.273200,-89.795686,40.95,190.95,357.70,3.36,-0.66,-44.65,10.00
29,2026-04-15T14:00:29Z,38.273288,-89.795697,40.03,190.03,357.70,0.30,-3.16,-43.00,9.89
30,2026-04-15T14:00:30Z,38.273381,-89.795674,39.50,189.50,357.70,4.75,-1.30,-46.50,10.12
31,2026-04-15T14:00:31Z,38.273467,-89.795693,40.35,190.35,357.70,-0.39,-2.40,-45.44,10.52
32,2026-04-15T14:00:32Z,38.273573,-89.795697,39.02,189.02,357.70,2.10,3.19,-44.44,9.99
33,2026-04-15T14:00:33Z,38.273655,-89.795722,39.58,189.58,357.70,0.75,0.87,-45.48,10.02
34,2026-04-15T14:00:34Z,38.273731,-89.795721,39.42,189.42,357.70,-3.47,-0.50,-44.55,10.26
35,2026-04-15T14:00:35Z,38.273845,-89.795716,40.50,190.50,357.70,-1.12,-1.01,-43.47,9.84
36,2026-04-15T14:00:36Z,38.273930,-89.795716,41.67,191.67,357.70,0.93,0.46,-45.22,9.99
37,2026-04-15T14:00:37Z,38.274032,-89.795709,39.30,189.30,357.70,0.64,1.17,-46.35,9.84
38,2026-04-15T14:00:38Z,38.274081,-89.795752,39.96,189.96,357.70,0.52,-1.15,-46.22,9.96
39,2026-04-15T14:00:39Z,38.274173,-89.795731,40.19,190.19,357.70,1.19,-0.29,-43.65,10.40
40,2026-04-15T14:00:40Z,38.274280,-89.795747,39.74,189.74,357.70,-3.25,0.23,-44.75,9.77
41,2026-04-15T14:00:41Z,38.274368,-89.795752,40.19,190.19,357.70,0.06,-0.76,-45.59,10.69
42,2026-04-15T14:00:42Z,38.274460,-89.795763,39.94,189.94,357.70,2.77,1.42,-43.97,10.02
43,2026-04-15T14:00:43Z,38.274544,-89.795746,39.43,189.43,357.70,0.63,-1.15,-43.00,10.12
44,2026-04-15T14:00:44Z,38.274646,-89.795780,40.28,190.28,357.70,0.00,0.70,-44.61,9.84
45,2026-04-15T14:00:45Z,38.274712,-89.795776,40.39,190.39,357.70,2.85,2.70,-47.06,10.52
46,2026-04-15T14:00:46Z,38.274827,-89.795789,40.81,190.81,357.70,-1.71,3.01,-44.36,10.10
47,2026-04-15T14:00:47Z,38.274893,-89.795769,39.63,189.63,357.70,-0.70,2.06,-46.42,10.04
48,2026-04-15T14:00:48Z,38.275003,-89.795756,39.59,189.59,357.70,0.30,-1.03,-44.35,10.08
49,2026-04-15T14:00:49Z,38.275091,-89.795792,40.88,190.88,357.70,-0.25,-0.96,-45.78,10.32
50,2026-04-15T14:00:50Z,38.275191,-89.795787,40.23,190.23,357.70,0.92,-0.17,-44.24,9.93
51,2026-04-15T14:00:51Z,38.275268,-89.795781,40.34,190.34,357.70,-1.29,-1.41,-45.74,9.95
52,2026-04-15T14:00:52Z,38.275350,-89.795785,39.98,189.98,357.70,3.42,0.04,-46.55,10.63
53,2026-04-15T14:00:53Z,38.275446,-89.795800,39.26,189.26,357.70,0.43,-0.69,-45.77,9.90
54,2026-04-15T14:00:54Z,38.275532,-89.795784,39.92,189.92,357.70,-0.56,1.43,-45.68,9.67
55,2026-04-15T14:00:55Z,38.275633,-89.795800,40.37,190.37,357.70,-0.83,1.70,-45.79,10.56
56,2026-04-15T14:00:56Z,38.275715,-89.795800,40.41,190.41,357.70,-1.79,0.84,-45.63,10.00
57,2026-04-15T14:00:57Z,38.275800,-89.795825,40.12,190.12,357.70,0.54,0.26,-45.58,9.15
58,2026-04-15T14:00:58Z,38.275908,-89.795816,39.70,189.70,357.70,1.04,-2.27,-45.33,9.73
59,2026-04-15T14:00:59Z,38.275983,-89.795826,40.11,190.11,357.70,1.70,0.34,-45.31,10.01
60,2026-04-15T14:01:00Z,38.276067,-89.795824,40.26,190.26,357.70,-1.12,0.04,-45.06,10.58
61,2026-04-15T14:01:01Z,38.276167,-89.795836,39.14,189.14,357.70,0.98,1.70,-42.75,10.33
62,2026-04-15T14:01:02Z,38.276255,-89.795841,40.00,190.00,357.70,-2.60,0.73,-46.47,10.78
63,2026-04-15T14:01:03Z,38.276325,-89.795869,39.31,189.31,357.70,-1.30,-0.34,-46.16,10.43
64,2026-04-15T14:01:04Z,38.276443,-89.795863,40.66,190.66,357.70,-1.15,0.18,-44.98,9.60
65,2026-04-15T14:01:05Z,38.276540,-89.795853,39.40,189.40,357.70,-0.86,1.09,-44.62,9.78
66,2026-04-15T14:01:06Z,38.276616,-89.795849,39.74,189.74,357.70,0.27,2.29,-45.10,9.95
67,2026-04-15T14:01:07Z,38.276704,-89.795876,40.34,190.34,357.70,0.52,-2.85,-43.96,9.76
68,2026-04-15T14:01:08Z,38.276785,-89.795878,40.53,190.53,357.70,-0.12,0.11,-46.00,9.47
69,2026-04-15T14:01:09Z,38.276899,-89.795856,39.01,189.01,357.70,1.21,-1.95,-45.39,9.42
70,2026-04-15T14:01:10Z,38.276978,-89.795870,39.89,189.89,357.70,-1.17,1.94,-45.50,10.04
71,2026-04-15T14:01:11Z,38.277070,-89.795888,40.05,190.05,357.70,-0.24,-1.52,-44.20,9.93
72,2026-04-15T14:01:12Z,38.277169,-89.795884,40.37,190.37,357.70,1.39,0.46,-44.79,10.34
73,2026-04-15T14:01:13Z,38.277254,-89.795891,39.51,189.51,357.70,-2.83,-0.01,-44.59,10.01
74,2026-04-15T14:01:14Z,38.277347,-89.795895,40.46,190.46,357.70,-1.54,-2.12,-45.97,10.00
75,2026-04-15T14:01:15Z,38.277414,-89.795894,39.90,189.90,357.70,0.11,1.57,-43.94,10.23
76,2026-04-15T14:01:16Z,38.277510,-89.795909,39.73,189.73,357.70,1.01,1.78,-45.01,9.35
77,2026-04-15T14:01:17Z,38.277601,-89.795898,38.83,188.83,357.70,0.21,-0.86,-43.61,10.07
78,2026-04-15T14:01:18Z,38.277704,-89.795918,39.96,189.96,357.70,-0.77,-1.96,-43.62,9.84
79,2026-04-15T14:01:19Z,38.277795,-89.795910,39.45,189.45,357.70,2.97,0.28,-45.90,10.83
80,2026-04-15T14:01:20Z,38.277868,-89.795919,39.54,189.54,357.70,1.63,-2.26,-42.99,9.99
81,2026-04-15T14:01:21Z,38.277979,-89.795943,39.29,189.29,357.70,-1.55,-0.40,-47.58,9.89
82,2026-04-15T14:01:22Z,38.278053,-89.795912,39.44,189.44,357.70,-2.23,0.96,-45.23,9.89
83,2026-04-15T14:01:23Z,38.278162,-89.795935,39.81,189.81,357.70,-0.76,-2.01,-44.70,10.22
84,2026-04-15T14:01:24Z,38.278233,-89.795940,40.19,190.19,357.70,0.63,2.61,-46.11,9.80
85,2026-04-15T14:01:25Z,38.278340,-89.795950,39.62,189.62,357.70,0.23,2.06,-44.18,10.97
86,2026-04-15T14:01:26Z,38.278399,-89.795950,39.74,189.74,357.70,-2.66,0.15,-44.41,9.46
87,2026-04-15T14:01:27Z,38.278508,-89.795960,39.60,189.60,357.70,-0.83,-1.55,-45.20,9.61
88,2026-04-15T14:01:28Z,38.278594,-89.795971,39.88,189.88,357.70,-0.01,0.76,-44.82,9.70
89,2026-04-15T14:01:29Z,38.278688,-89.795984,39.81,189.81,357.70,0.96,-2.40,-44.84,10.11
90,2026-04-15T14:01:30Z,38.278785,-89.795972,39.95,189.95,357.70,0.37,1.01,-44.93,10.18
91,2026-04-15T14:01:31Z,38.278865,-89.795984,39.91,189.91,357.70,-0.31,-0.25,-45.49,10.50
92,2026-04-15T14:01:32Z,38.278961,-89.795989,40.46,190.46,357.70,-1.59,0.31,-44.87,9.63
93,2026-04-15T14:01:33Z,38.279046,-89.795972,39.79,189.79,357.70,-1.36,1.89,-44.37,10.18
94,2026-04-15T14:01:34Z,38.279138,-89.795986,39.61,189.61,357.70,0.75,-0.03,-44.88,9.87
95,2026-04-15T14:01:35Z,38.279211,-89.795991,39.65,189.65,357.70,-0.23,-2.78,-44.30,9.57
96,2026-04-15T14:01:36Z,38.279321,-89.795998,39.50,189.50,357.70,-0.23,-3.64,-44.82,9.62
97,2026-04-15T14:01:37Z,38.279409,-89.796006,39.75,189.75,357.70,0.53,1.64,-44.98,10.07
98,2026-04-15T14:01:38Z,38.279487,-89.796012,40.09,190.09,357.70,-0.48,-1.58,-45.87,10.62
99,2026-04-15T14:01:39Z,38.279564,-89.796008,39.32,189.32,357.70,-2.96,-1.68,-44.43,9.51
100,2026-04-15T14:01:40Z,38.279661,-89.796036,40.09,190.09,357.70,0.65,1.11,-45.01,9.86
101,2026-04-15T14:01:41Z,38.279751,-89.796022,40.25,190.25,357.70,-2.16,1.65,-45.42,9.77
102,2026-04-15T14:01:42Z,38.279849,-89.796025,40.52,190.52,357.70,-0.50,1.02,-42.85,10.11
103,2026-04-15T14:01:43Z,38.279955,-89.796022,39.44,189.44,357.70,-1.80,-0.56,-45.70,11.50
104,2026-04-15T14:01:44Z,38.280047,-89.796030,39.29,189.29,357.70,0.82,-0.48,-46.22,10.11
105,2026-04-15T14:01:45Z,38.280115,-89.796044,40.01,190.01,357.70,1.10,-1.42,-46.73,9.79
106,2026-04-15T14:01:46Z,38.280205,-89.796028,39.71,189.71,357.70,0.74,-1.75,-45.83,10.94
107,2026-04-15T14:01:47Z,38.280304,-89.796062,41.19,191.19,357.70,1.02,2.19,-45.11,9.60
108,2026-04-15T14:01:48Z,38.280382,-89.796056,40.18,190.18,357.70,0.09,-2.10,-44.96,10.35
109,2026-04-15T14:01:49Z,38.280475,-89.796082,39.65,189.65,357.70,0.88,2.92,-43.14,9.43
110,2026-04-15T14:01:50Z,38.280566,-89.796067,40.34,190.34,357.70,-0.63,-0.21,-42.79,10.42
111,2026-04-15T14:01:51Z,38.280660,-89.796072,40.06,190.06,357.70,-1.53,-0.37,-46.17,10.23
112,2026-04-15T14:01:52Z,38.280748,-89.796050,40.37,190.37,357.70,-1.40,-0.47,-43.95,9.96
113,2026-04-15T14:01:53Z,38.280836,-89.796059,39.31,189.31,357.70,2.61,-3.01,-43.81,9.88
114,2026-04-15T14:01:54Z,38.280914,-89.796082,39.91,189.91,357.70,-4.73,-2.88,-45.57,10.33
115,2026-04-15T14:01:55Z,38.281021,-89.796095,39.89,189.89,357.70,-0.60,-1.27,-44.76,9.53
116,2026-04-15T14:01:56Z,38.281116,-89.796073,39.67,189.67,357.70,0.07,-0.44,-45.05,9.87
117,2026-04-15T14:01:57Z,38.281186,-89.796090,39.54,189.54,357.70,-2.38,1.74,-45.14,9.62
118,2026-04-15T14:01:58Z,38.281300,-89.796096,39.15,189.15,357.70,1.14,-1.15,-46.09,9.57
119,2026-04-15T14:01:59Z,38.281378,-89.796106,39.49,189.49,357.70,-0.72,-3.88,-44.50,9.87
120,2026-04-15T14:02:00Z,38.281462,-89.796093,39.42,189.42,357.70,1.78,-2.38,-45.64,9.37
121,2026-04-15T14:02:01Z,38.281565,-89.796117,39.17,189.17,357.70,-0.29,1.93,-44.41,10.08
122,2026-04-15T14:02:02Z,38.281677,-89.796136,39.99,189.99,357.70,1.73,1.23,-44.25,9.57
123,2026-04-15T14:02:03Z,38.281732,-89.796131,38.99,188.99,357.70,0.76,-0.39,-44.07,10.68
124,2026-04-15T14:02:04Z,38.281836,-89.796115,39.19,189.19,357.70,0.29,0.53,-44.04,9.71
125,2026-04-15T14:02:05Z,38.281910,-89.796130,41.10,191.10,357.70,1.31,-0.03,-44.23,10.28
126,2026-04-15T14:02:06Z,38.282025,-89.796135,40.61,190.61,357.70,0.89,1.36,-45.75,9.65
127,2026-04-15T14:02:07Z,38.282109,-89.796148,39.60,189.60,357.70,2.90,0.46,-44.06,10.00
128,2026-04-15T14:02:08Z,38.282182,-89.796144,39.41,189.41,357.70,1.25,-0.06,-43.55,9.77
129,2026-04-15T14:02:09Z,38.282277,-89.796152,40.64,190.64,357.70,-2.28,1.95,-44.59,9.74
130,2026-04-15T14:02:10Z,38.282349,-89.796154,39.80,189.80,357.70,-1.09,-0.87,-45.91,10.70
131,2026-04-15T14:02:11Z,38.282449,-89.796167,39.28,189.28,357.70,-2.41,-2.25,-46.56,9.59
132,2026-04-15T14:02:12Z,38.282543,-89.796171,39.39,189.39,357.70,-0.07,-0.65,-45.46,10.19
133,2026-04-15T14:02:13Z,38.282652,-89.796165,40.24,190.24,357.70,-0.98,-3.26,-45.43,8.97
134,2026-04-15T14:02:14Z,38.282731,-89.796180,40.26,190.26,357.70,0.86,-2.33,-45.26,9.59
135,2026-04-15T14:02:15Z,38.282821,-89.796171,39.94,189.94,357.70,-0.62,-0.68,-47.76,10.78
136,2026-04-15T14:02:16Z,38.282923,-89.796186,39.41,189.41,357.70,1.85,0.16,-46.43,10.53
137,2026-04-15T14:02:17Z,38.283001,-89.796194,39.41,189.41,357.70,-3.20,0.85,-44.54,10.42
138,2026-04-15T14:02:18Z,38.283106,-89.796187,38.97,188.97,357.70,0.10,0.53,-44.02,9.67
139,2026-04-15T14:02:19Z,38.283159,-89.796199,40.48,190.48,357.70,2.79,-0.59,-43.90,10.62
140,2026-04-15T14:02:20Z,38.283282,-89.796187,40.36,190.36,357.70,-1.18,-2.17,-44.02,10.33
141,2026-04-15T14:02:21Z,38.283354,-89.796205,39.71,189.71,357.70,0.35,-1.53,-44.93,9.84
142,2026-04-15T14:02:22Z,38.283449,-89.796210,39.63,189.63,357.70,2.81,-0.90,-43.77,10.31
143,2026-04-15T14:02:23Z,38.283545,-89.796244,39.62,189.62,357.70,1.17,0.28,-44.53,9.75
144,2026-04-15T14:02:24Z,38.283632,-89.796229,39.63,189.63,357.70,-0.26,-0.18,-44.83,9.51
145,2026-04-15T14:02:25Z,38.283710,-89.796213,40.46,190.46,357.70,1.07,0.28,-44.33,10.62
146,2026-04-15T14:02:26Z,38.283812,-89.796235,40.64,190.64,357.70,2.97,0.05,-44.68,10.69
147,2026-04-15T14:02:27Z,38.283900,-89.796233,40.31,190.31,357.70,-0.29,2.64,-44.84,9.95
148,2026-04-15T14:02:28Z,38.283986,-89.796227,40.08,190.08,357.70,-0.10,-1.83,-45.03,10.12
149,2026-04-15T14:02:29Z,38.284065,-89.796239,39.41,189.41,357.70,1.12,0.42,-45.10,10.37
150,2026-04-15T14:02:30Z,38.284169,-89.796269,39.45,189.45,357.70,0.52,-0.12,-46.00,9.94
151,2026-04-15T14:02:31Z,38.284257,-89.796256,39.47,189.47,357.70,-0.31,1.79,-44.33,10.13
152,2026-04-15T14:02:32Z,38.284352,-89.796252,39.58,189.58,357.70,-2.21,4.32,-46.08,9.63
153,2026-04-15T14:02:33Z,38.284433,-89.796264,39.86,189.86,357.70,-2.80,-1.50,-46.39,9.77
154,2026-04-15T14:02:34Z,38.284524,-89.796273,39.66,189.66,357.70,-0.87,1.40,-45.39,10.09
155,2026-04-15T14:02:35Z,38.284617,-89.796285,40.33,190.33,357.70,0.61,0.50,-45.17,9.84
156,2026-04-15T14:02:36Z,38.284707,-89.796278,40.67,190.67,357.70,0.72,-1.77,-46.10,10.37
157,2026-04-15T14:02:37Z,38.284789,-89.796281,40.22,190.22,357.70,1.77,0.01,-47.01,9.64
158,2026-04-15T14:02:38Z,38.284880,-89.796313,39.62,189.62,357.70,-0.92,-0.49,-45.39,9.78
159,2026-04-15T14:02:39Z,38.284969,-89.796271,40.61,190.61,357.70,1.88,-2.43,-45.81,9.54
160,2026-04-15T14:02:40Z,38.285078,-89.796318,40.29,190.29,357.70,-0.22,-0.27,-43.30,9.50
161,2026-04-15T14:02:41Z,38.285147,-89.796298,40.31,190.31,357.70,-1.23,-0.09,-44.91,9.90
162,2026-04-15T14:02:42Z,38.285252,-89.796312,39.78,189.78,357.70,-0.25,-0.28,-45.02,10.13
163,2026-04-15T14:02:43Z,38.285327,-89.796315,40.22,190.22,357.70,1.75,0.33,-46.28,9.56
164,2026-04-15T14:02:44Z,38.285426,-89.796309,40.38,190.38,357.70,-0.55,-1.06,-45.61,10.46
165,2026-04-15T14:02:45Z,38.285505,-89.796324,40.14,190.14,357.70,-0.74,-1.11,-44.65,10.01
166,2026-04-15T14:02:46Z,38.285599,-89.796332,39.92,189.92,357.70,-1.61,1.24,-44.15,9.89
167,2026-04-15T14:02:47Z,38.285694,-89.796323,40.26,190.26,357.70,1.34,2.48,-44.92,9.99
168,2026-04-15T14:02:48Z,38.285787,-89.796319,39.83,189.83,357.70,1.36,-2.35,-43.21,9.55
169,2026-04-15T14:02:49Z,38.285881,-89.796332,40.03,190.03,357.70,-1.42,-1.74,-45.60,10.70
170,2026-04-15T14:02:50Z,38.285960,-89.796350,40.08,190.08,357.70,-1.22,2.40,-46.39,10.05
171,2026-04-15T14:02:51Z,38.286041,-89.796339,39.90,189.90,357.70,-0.93,-1.55,-45.65,10.17
172,2026-04-15T14:02:52Z,38.286136,-89.796342,39.76,189.76,357.70,0.88,1.56,-44.10,10.30
173,2026-04-15T14:02:53Z,38.286239,-89.796344,39.74,189.74,357.70,-2.75,0.44,-45.67,9.90
174,2026-04-15T14:02:54Z,38.286326,-89.796351,39.32,189.32,357.70,-0.52,-0.78,-44.83,9.59
175,2026-04-15T14:02:55Z,38.286402,-89.796361,39.16,189.16,357.70,1.07,-1.96,-45.56,9.14
176,2026-04-15T14:02:56Z,38.286489,-89.796382,39.80,189.80,357.70,1.47,0.67,-45.26,9.84
177,2026-04-15T14:02:57Z,38.286599,-89.796358,40.21,190.21,357.70,1.53,2.65,-44.34,9.84
178,2026-04-15T14:02:58Z,38.286697,-89.796365,40.42,190.42,357.70,-1.67,-0.07,-46.67,9.56
179,2026-04-15T14:02:59Z,38.286766,-89.796370,39.67,189.67,357.70,-2.03,-0.74,-43.98,10.21
180,2026-04-15T14:03:00Z,38.286863,-89.796381,40.85,190.85,357.70,-1.32,1.98,-45.62,10.52
181,2026-04-15T14:03:01Z,38.286951,-89.796389,40.54,190.54,357.70,0.68,0.79,-44.19,9.55
182,2026-04-15T14:03:02Z,38.287039,-89.796382,39.64,189.64,357.70,0.53,-2.10,-44.59,10.46
183,2026-04-15T14:03:03Z,38.287132,-89.796402,39.63,189.63,357.70,-2.16,2.54,-46.13,9.90
184,2026-04-15T14:03:04Z,38.287215,-89.796390,40.29,190.29,357.70,2.28,-0.47,-46.05,10.29
185,2026-04-15T14:03:05Z,38.287318,-89.796399,39.84,189.84,357.70,1.86,0.86,-46.37,9.49
186,2026-04-15T14:03:06Z,38.287407,-89.796429,39.76,189.76,357.70,-0.96,-1.25,-45.61,9.55
187,2026-04-15T14:03:07Z,38.287497,-89.796413,40.31,190.31,357.70,-0.56,0.12,-44.46,10.44
188,2026-04-15T14:03:08Z,38.287596,-89.796411,40.69,190.69,357.70,1.59,-2.68,-44.12,10.41
189,2026-04-15T14:03:09Z,38.287672,-89.796425,39.74,189.74,357.70,0.62,1.26,-46.50,9.83
190,2026-04-15T14:03:10Z,38.287762,-89.796437,39.52,189.52,357.70,-0.49,-0.99,-45.77,10.16
191,2026-04-15T14:03:11Z,38.287852,-89.796435,39.45,189.45,357.70,-0.27,0.61,-46.05,9.66
192,2026-04-15T14:03:12Z,38.287944,-89.796449,41.36,191.36,357.70,-1.19,0.29,-45.90,9.62
193,2026-04-15T14:03:13Z,38.288037,-89.796424,39.81,189.81,357.70,-0.78,-0.00,-43.57,10.07
194,2026-04-15T14:03:14Z,38.288127,-89.796459,40.77,190.77,357.70,0.73,-0.99,-44.93,10.46
195,2026-04-15T14:03:15Z,38.288202,-89.796448,39.84,189.84,357.70,1.39,0.29,-43.92,9.11
196,2026-04-15T14:03:16Z,38.288298,-89.796456,40.56,190.56,357.70,0.43,4.82,-45.17,10.16
197,2026-04-15T14:03:17Z,38.288390,-89.796443,39.60,189.60,357.70,-2.15,0.80,-44.37,9.58
198,2026-04-15T14:03:18Z,38.288485,-89.796483,40.50,190.50,357.70,-0.15,0.05,-44.32,10.48
199,2026-04-15T14:03:19Z,38.288572,-89.796465,39.46,189.46,357.70,-1.82,0.95,-44.47,9.93
200,2026-04-15T14:03:20Z,38.288658,-89.796473,39.22,189.22,357.70,-0.70,0.19,-43.88,10.34
201,2026-04-15T14:03:21Z,38.288742,-89.796468,40.06,190.06,357.70,0.83,-1.87,-44.41,10.01
202,2026-04-15T14:03:22Z,38.288839,-89.796474,39.89,189.89,357.70,0.55,-0.09,-46.17,9.85
203,2026-04-15T14:03:23Z,38.288926,-89.796476,39.95,189.95,357.70,1.07,-2.78,-47.12,9.65
204,2026-04-15T14:03:24Z,38.289018,-89.796493,40.11,190.11,357.70,-0.23,-2.10,-44.78,9.64
205,2026-04-15T14:03:25Z,38.289093,-89.796501,40.13,190.13,357.70,-0.78,1.18,-43.45,9.30
206,2026-04-15T14:03:26Z,38.289184,-89.796500,39.38,189.38,357.70,2.39,1.00,-45.80,9.46
207,2026-04-15T14:03:27Z,38.289289,-89.796502,40.09,190.09,357.70,0.91,-4.49,-45.29,10.90
208,2026-04-15T14:03:28Z,38.289371,-89.796516,40.01,190.01,357.70,-1.63,2.05,-44.40,9.74
209,2026-04-15T14:03:29Z,38.289461,-89.796510,40.34,190.34,357.70,-1.58,1.17,-45.61,10.51
210,2026-04-15T14:03:30Z,38.289567,-89.796525,38.86,188.86,357.70,-2.68,-0.33,-45.06,10.01
211,2026-04-15T14:03:31Z,38.289643,-89.796544,39.44,189.44,357.70,-0.37,1.93,-44.29,9.66
212,2026-04-15T14:03:32Z,38.289733,-89.796517,39.32,189.32,357.70,-0.26,0.35,-44.36,10.27
213,2026-04-15T14:03:33Z,38.289821,-89.796527,40.00,190.00,357.70,-0.46,1.90,-44.35,10.96
214,2026-04-15T14:03:34Z,38.289906,-89.796526,39.47,189.47,357.70,1.28,1.60,-44.95,9.11
215,2026-04-15T14:03:35Z,38.290004,-89.796528,40.36,190.36,357.70,1.10,-1.86,-45.56,9.74
216,2026-04-15T14:03:36Z,38.290087,-89.796576,39.41,189.41,357.70,-1.65,-0.83,-46.16,10.49
217,2026-04-15T14:03:37Z,38.290194,-89.796555,40.25,190.25,357.70,-1.76,-1.46,-44.16,9.96
218,2026-04-15T14:03:38Z,38.290275,-89.796551,38.42,188.42,357.70,-0.74,3.26,-45.51,10.44
219,2026-04-15T14:03:39Z,38.290366,-89.796557,39.56,189.56,357.70,-0.97,1.93,-44.21,10.35
220,2026-04-15T14:03:40Z,38.290460,-89.796577,39.89,189.89,357.70,-3.05,-0.83,-44.06,10.12
221,2026-04-15T14:03:41Z,38.290534,-89.796559,39.69,189.69,357.70,-1.72,0.73,-44.54,10.13
222,2026-04-15T14:03:42Z,38.290646,-89.796563,40.63,190.63,357.70,-1.84,1.99,-46.30,10.08
223,2026-04-15T14:03:43Z,38.290721,-89.796574,40.22,190.22,357.70,-0.01,-2.54,-45.28,10.64
224,2026-04-15T14:03:44Z,38.290817,-89.796591,40.71,190.71,357.70,-2.15,0.70,-46.15,9.90
225,2026-04-15T14:03:45Z,38.290920,-89.796589,39.30,189.30,357.70,3.55,-3.01,-44.10,10.43
226,2026-04-15T14:03:46Z,38.290999,-89.796595,40.17,190.17,357.70,-1.04,2.12,-46.35,10.20
227,2026-04-15T14:03:47Z,38.291102,-89.796584,39.41,189.41,357.70,2.13,-0.74,-45.16,10.00
228,2026-04-15T14:03:48Z,38.291171,-89.796592,39.70,189.70,357.70,0.81,-0.31,-45.87,10.00
229,2026-04-15T14:03:49Z,38.291252,-89.796628,39.41,189.41,357.70,-1.09,0.45,-44.95,9.31
230,2026-04-15T14:03:50Z,38.291347,-89.796627,39.50,189.50,357.70,-1.85,1.07,-46.40,9.44
231,2026-04-15T14:03:51Z,38.291444,-89.796627,41.21,191.21,357.70,0.29,-0.50,-45.77,9.28
232,2026-04-15T14:03:52Z,38.291537,-89.796622,39.47,189.47,357.70,0.58,1.96,-45.61,10.17
233,2026-04-15T14:03:53Z,38.291637,-89.796631,39.01,189.01,357.70,-0.12,-1.32,-44.07,10.21
234,2026-04-15T14:03:54Z,38.291709,-89.796622,39.96,189.96,357.70,1.02,0.71,-46.03,10.30
235,2026-04-15T14:03:55Z,38.291812,-89.796638,41.00,191.00,357.70,1.13,-1.15,-45.41,10.19
236,2026-04-15T14:03:56Z,38.291894,-89.796656,39.41,189.41,357.70,-0.12,0.30,-43.88,9.96
237,2026-04-15T14:03:57Z,38.291980,-89.796639,39.93,189.93,357.70,0.39,-3.10,-44.93,9.92
238,2026-04-15T14:03:58Z,38.292067,-89.796662,39.06,189.06,357.70,-2.82,1.31,-45.24,9.82
239,2026-04-15T14:03:59Z,38.292148,-89.796664,40.38,190.38,357.70,-0.42,-0.55,-45.13,9.76
240,2026-04-15T14:04:00Z,38.292238,-89.796662,39.72,189.72,357.70,-0.32,-0.68,-44.01,11.18
241,2026-04-15T14:04:01Z,38.292341,-89.796663,39.56,189.56,357.70,-0.94,0.56,-43.87,10.62
242,2026-04-15T14:04:02Z,38.292430,-89.796670,40.29,190.29,357.70,-1.64,0.27,-45.95,10.27
243,2026-04-15T14:04:03Z,38.292516,-89.796682,40.61,190.61,357.70,3.91,-0.08,-45.84,10.64
244,2026-04-15T14:04:04Z,38.292604,-89.796661,39.23,189.23,357.70,-0.85,2.62,-46.01,9.87
245,2026-04-15T14:04:05Z,38.292712,-89.796669,39.92,189.92,357.70,-2.31,-0.13,-45.22,10.19
246,2026-04-15T14:04:06Z,38.292769,-89.796684,40.18,190.18,357.70,-2.12,-1.12,-45.53,9.32
247,2026-04-15T14:04:07Z,38.292879,-89.796704,39.50,189.50,357.70,-0.71,-0.16,-45.23,10.12
248,2026-04-15T14:04:08Z,38.292976,-89.796700,40.43,190.43,357.70,1.33,1.87,-46.46,10.04
249,2026-04-15T14:04:09Z,38.293070,-89.796682,39.51,189.51,357.70,-0.54,0.66,-44.48,9.99
250,2026-04-15T14:04:10Z,38.293145,-89.796692,39.57,189.57,357.70,1.54,2.93,-45.51,9.94
251,2026-04-15T14:04:11Z,38.293248,-89.796709,39.21,189.21,357.70,-1.81,-0.75,-45.42,9.62
252,2026-04-15T14:04:12Z,38.293331,-89.796702,40.21,190.21,357.70,-0.37,1.18,-44.59,11.06
253,2026-04-15T14:04:13Z,38.293435,-89.796725,40.42,190.42,357.70,-1.08,-0.11,-44.50,10.65
254,2026-04-15T14:04:14Z,38.293507,-89.796736,40.92,190.92,357.70,2.60,-0.76,-45.21,9.91
255,2026-04-15T14:04:15Z,38.293608,-89.796733,39.55,189.55,357.70,0.41,-1.00,-44.91,9.71
256,2026-04-15T14:04:16Z,38.293670,-89.796741,39.91,189.91,357.70,-1.49,-1.33,-44.93,9.79
257,2026-04-15T14:04:17Z,38.293794,-89.796755,39.86,189.86,357.70,0.50,-0.14,-45.45,10.39
258,2026-04-15T14:04:18Z,38.293870,-89.796745,38.91,188.91,357.70,-2.92,1.94,-44.18,9.71
259,2026-04-15T14:04:19Z,38.293953,-89.796739,41.22,191.22,357.70,1.95,0.54,-45.24,9.75
260,2026-04-15T14:04:20Z,38.294040,-89.796760,39.80,189.80,357.70,0.80,-0.48,-44.54,9.07
261,2026-04-15T14:04:21Z,38.294136,-89.796724,39.17,189.17,357.70,1.06,3.54,-45.99,9.63
262,2026-04-15T14:04:22Z,38.294246,-89.796773,40.65,190.65,357.70,3.34,2.67,-45.65,10.03
263,2026-04-15T14:04:23Z,38.294346,-89.796780,39.84,189.84,357.70,-1.10,-0.96,-44.87,10.72
264,2026-04-15T14:04:24Z,38.294414,-89.796767,39.63,189.63,357.70,0.96,2.26,-44.67,10.08
265,2026-04-15T14:04:25Z,38.294488,-89.796776,39.69,189.69,357.70,-2.51,0.84,-46.07,10.53
266,2026-04-15T14:04:26Z,38.294601,-89.796772,40.11,190.11,357.70,-0.51,1.01,-45.05,10.20
267,2026-04-15T14:04:27Z,38.294686,-89.796785,38.76,188.76,357.70,2.28,2.18,-44.90,9.79
268,2026-04-15T14:04:28Z,38.294768,-89.796794,40.32,190.32,357.70,-1.47,0.99,-43.77,10.23
269,2026-04-15T14:04:29Z,38.294850,-89.796797,40.23,190.23,357.70,-0.63,-0.79,-45.46,10.29
270,2026-04-15T14:04:30Z,38.294952,-89.796794,39.99,189.99,357.70,-1.63,0.96,-46.22,9.45
271,2026-04-15T14:04:31Z,38.295041,-89.796808,39.70,189.70,357.70,2.51,0.43,-45.30,10.01
272,2026-04-15T14:04:32Z,38.295115,-89.796803,40.57,190.57,357.70,1.75,0.71,-46.30,10.24
273,2026-04-15T14:04:33Z,38.295218,-89.796807,40.36,190.36,357.70,-0.10,0.55,-43.73,9.80
274,2026-04-15T14:04:34Z,38.295317,-89.796810,40.20,190.20,357.70,-1.65,-0.14,-43.96,9.59
275,2026-04-15T14:04:35Z,38.295402,-89.796816,39.25,189.25,357.70,1.68,-0.05,-46.31,9.42
276,2026-04-15T14:04:36Z,38.295496,-89.796824,41.48,191.48,357.70,0.52,-0.23,-44.77,10.50
277,2026-04-15T14:04:37Z,38.295577,-89.796848,40.46,190.46,357.70,-4.13,-0.95,-45.83,10.11
278,2026-04-15T14:04:38Z,38.295676,-89.796837,40.74,190.74,357.70,-1.61,1.60,-45.66,9.36
279,2026-04-15T14:04:39Z,38.295748,-89.796847,39.62,189.62,357.70,1.68,-2.38,-45.29,10.22
280,2026-04-15T14:04:40Z,38.295847,-89.796844,40.42,190.42,357.70,-0.87,-1.67,-46.82,10.05
281,2026-04-15T14:04:41Z,38.295934,-89.796850,40.46,190.46,357.70,3.49,-0.11,-45.48,9.85
282,2026-04-15T14:04:42Z,38.296030,-89.796866,40.10,190.10,357.70,1.01,0.10,-44.79,9.17
283,2026-04-15T14:04:43Z,38.296118,-89.796874,39.55,189.55,357.70,0.74,-0.90,-44.58,10.63
284,2026-04-15T14:04:44Z,38.296210,-89.796841,40.56,190.56,357.70,-0.67,2.68,-45.10,10.16
285,2026-04-15T14:04:45Z,38.296289,-89.796882,39.57,189.57,357.70,1.15,1.37,-43.85,9.85
286,2026-04-15T14:04:46Z,38.296388,-89.796864,41.13,191.13,357.70,2.40,-2.27,-45.74,10.36
287,2026-04-15T14:04:47Z,38.296470,-89.796908,40.04,190.04,357.70,-0.80,0.29,-45.85,10.56
288,2026-04-15T14:04:48Z,38.296562,-89.796879,39.40,189.40,357.70,-2.88,0.48,-45.49,10.47
289,2026-04-15T14:04:49Z,38.296669,-89.796878,38.96,188.96,357.70,-1.50,-0.75,-45.19,9.03
290,2026-04-15T14:04:50Z,38.296746,-89.796884,39.32,189.32,357.70,0.38,-0.54,-45.10,9.28
291,2026-04-15T14:04:51Z,38.296830,-89.796898,40.74,190.74,357.70,-1.84,0.96,-43.43,9.35
292,2026-04-15T14:04:52Z,38.296924,-89.796915,39.00,189.00,357.70,-1.87,3.26,-42.66,10.10
293,2026-04-15T14:04:53Z,38.297017,-89.796900,39.94,189.94,357.70,-0.00,0.10,-43.64,10.46
294,2026-04-15T14:04:54Z,38.297111,-89.796886,39.18,189.18,357.70,-1.36,1.26,-45.49,9.78
295,2026-04-15T14:04:55Z,38.297201,-89.796928,39.95,189.95,357.70,2.46,-2.82,-44.64,10.92
296,2026-04-15T14:04:56Z,38.297292,-89.796925,39.45,189.45,357.70,0.15,0.83,-45.16,10.26
297,2026-04-15T14:04:57Z,38.297396,-89.796934,39.75,189.75,357.70,1.10,-2.07,-43.70,10.21
298,2026-04-15T14:04:58Z,38.297452,-89.796928,39.85,189.85,357.70,1.70,-3.52,-45.73,9.72
299,2026-04-15T14:04:59Z,38.297546,-89.796923,40.78,190.78,357.70,2.09,-3.34,-44.84,10.31
300,2026-04-15T14:05:00Z,38.297632,-89.796942,40.12,190.12,357.70,2.06,-2.97,-45.84,10.04
301,2026-04-15T14:05:01Z,38.297721,-89.796961,40.50,190.50,357.70,2.33,1.78,-44.93,10.07
302,2026-04-15T14:05:02Z,38.297815,-89.796935,39.65,189.65,357.70,-1.73,0.18,-43.73,9.52
303,2026-04-15T14:05:03Z,38.297914,-89.796937,40.05,190.05,357.70,4.08,2.73,-44.80,9.83
304,2026-04-15T14:05:04Z,38.297996,-89.796974,40.20,190.20,357.70,0.70,0.48,-44.56,9.90
305,2026-04-15T14:05:05Z,38.298104,-89.796957,39.64,189.64,357.69,0.87,-1.61,-44.28,9.69
306,2026-04-15T14:05:06Z,38.298190,-89.796966,39.61,189.61,357.69,-1.69,-2.44,-44.97,9.29
307,2026-04-15T14:05:07Z,38.298269,-89.796980,40.44,190.44,357.69,0.07,0.84,-43.96,10.05
308,2026-04-15T14:05:08Z,38.298349,-89.796966,39.10,189.10,357.69,1.52,1.04,-44.34,9.68
309,2026-04-15T14:05:09Z,38.298455,-89.796963,39.23,189.23,357.69,0.07,3.05,-43.97,9.88
310,2026-04-15T14:05:10Z,38.298552,-89.796992,41.12,191.12,357.69,-1.51,3.52,-46.43,10.19
311,2026-04-15T14:05:11Z,38.298625,-89.796991,39.51,189.51,357.69,0.42,0.17,-43.11,10.21
312,2026-04-15T14:05:12Z,38.298708,-89.796977,39.59,189.59,357.69,2.86,3.45,-45.19,10.58
313,2026-04-15T14:05:13Z,38.298802,-89.796994,39.97,189.97,357.69,1.10,-1.38,-43.56,9.29
314,2026-04-15T14:05:14Z,38.298911,-89.797005,40.02,190.02,357.69,-0.69,4.65,-45.94,9.90
315,2026-04-15T14:05:15Z,38.298993,-89.796995,39.81,189.81,357.69,-1.99,1.79,-44.29,9.75
316,2026-04-15T14:05:16Z,38.299086,-89.797029,40.25,190.25,357.69,-0.51,-2.07,-45.06,10.11
317,2026-04-15T14:05:17Z,38.299164,-89.797015,40.03,190.03,357.69,1.32,-0.10,-44.47,9.86
318,2026-04-15T14:05:18Z,38.299266,-89.797009,39.52,189.52,357.69,1.38,0.23,-43.87,9.86
319,2026-04-15T14:05:19Z,38.299358,-89.797030,40.44,190.44,357.69,1.43,2.78,-43.91,9.90
320,2026-04-15T14:05:20Z,38.299462,-89.797047,39.73,189.73,357.69,-0.60,0.56,-45.37,9.89
321,2026-04-15T14:05:21Z,38.299541,-89.797023,40.21,190.21,357.69,0.82,1.01,-44.65,9.60
322,2026-04-15T14:05:22Z,38.299622,-89.797023,39.73,189.73,357.69,1.00,0.80,-44.15,9.85
323,2026-04-15T14:05:23Z,38.299709,-89.797059,39.38,189.38,357.69,1.19,1.19,-46.82,9.83
324,2026-04-15T14:05:24Z,38.299806,-89.797049,39.48,189.48,357.69,0.40,1.24,-42.43,10.88
325,2026-04-15T14:05:25Z,38.299886,-89.797057,40.74,190.74,357.69,0.11,0.07,-44.03,9.48
326,2026-04-15T14:05:26Z,38.299984,-89.797068,40.49,190.49,357.69,-1.58,-1.03,-45.53,10.34
327,2026-04-15T14:05:27Z,38.300060,-89.797050,39.84,189.84,357.69,-1.56,-0.59,-43.52,9.89
328,2026-04-15T14:05:28Z,38.300167,-89.797085,39.51,189.51,357.69,-0.75,-0.83,-45.86,10.25
329,2026-04-15T14:05:29Z,38.300238,-89.797070,39.81,189.81,357.69,-0.10,-1.45,-44.31,10.46
330,2026-04-15T14:05:30Z,38.300352,-89.797084,39.15,189.15,357.69,-2.02,2.46,-46.39,9.81
331,2026-04-15T14:05:31Z,38.300427,-89.797064,40.44,190.44,357.69,-1.17,-0.27,-45.24,9.79
332,2026-04-15T14:05:32Z,38.300533,-89.797087,39.33,189.33,357.69,1.55,-0.34,-44.23,10.39
333,2026-04-15T14:05:33Z,38.300610,-89.797103,39.96,189.96,357.69,-0.95,-1.41,-44.67,9.54
334,2026-04-15T14:05:34Z,38.300701,-89.797109,39.54,189.54,357.69,0.70,0.11,-47.21,10.00
335,2026-04-15T14:05:35Z,38.300801,-89.797079,40.79,190.79,357.69,1.01,-0.98,-44.81,10.22
336,2026-04-15T14:05:36Z,38.300869,-89.797102,39.29,189.29,357.69,-0.53,1.15,-44.82,10.23
337,2026-04-15T14:05:37Z,38.300965,-89.797098,39.41,189.41,357.69,-0.81,1.12,-45.08,9.89
338,2026-04-15T14:05:38Z,38.301062,-89.797107,38.83,188.83,357.69,0.17,1.52,-44.43,9.63
339,2026-04-15T14:05:39Z,38.301161,-89.797120,40.05,190.05,357.69,-0.65,-1.25,-45.54,9.80
340,2026-04-15T14:05:40Z,38.301237,-89.797129,40.01,190.01,357.69,0.64,0.27,-44.55,9.27
341,2026-04-15T14:05:41Z,38.301325,-89.797132,40.49,190.49,357.69,2.98,-2.11,-45.25,9.94
342,2026-04-15T14:05:42Z,38.301408,-89.797140,39.61,189.61,357.69,1.17,-1.72,-44.39,9.81
343,2026-04-15T14:05:43Z,38.301495,-89.797140,40.66,190.66,357.69,0.41,0.95,-44.42,10.18
344,2026-04-15T14:05:44Z,38.301604,-89.797124,39.48,189.48,357.69,0.96,1.12,-44.44,9.97
345,2026-04-15T14:05:45Z,38.301700,-89.797151,39.33,189.33,357.69,-0.00,-0.82,-44.96,10.51
346,2026-04-15T14:05:46Z,38.301774,-89.797138,40.45,190.45,357.69,0.81,0.05,-43.97,10.12
347,2026-04-15T14:05:47Z,38.301847,-89.797168,39.98,189.98,357.69,-1.43,0.93,-45.98,9.83
348,2026-04-15T14:05:48Z,38.301960,-89.797157,40.03,190.03,357.69,-0.29,1.84,-44.46,9.67
349,2026-04-15T14:05:49Z,38.302056,-89.797164,39.15,189.15,357.69,-0.23,1.95,-43.86,9.81
350,2026-04-15T14:05:50Z,38.302141,-89.797178,40.06,190.06,357.69,-0.37,-1.85,-44.54,9.90
351,2026-04-15T14:05:51Z,38.302227,-89.797163,39.27,189.27,357.69,5.47,-1.32,-44.71,9.55
352,2026-04-15T14:05:52Z,38.302321,-89.797188,40.86,190.86,357.69,0.22,2.73,-45.79,9.97
353,2026-04-15T14:05:53Z,38.302403,-89.797186,39.31,189.31,357.69,0.71,0.27,-44.34,10.11
354,2026-04-15T14:05:54Z,38.302505,-89.797183,39.88,189.88,357.69,-1.04,2.09,-45.19,10.49
355,2026-04-15T14:05:55Z,38.302594,-89.797170,38.87,188.87,357.69,-0.61,2.56,-45.41,9.92
356,2026-04-15T14:05:56Z,38.302701,-89.797213,40.17,190.17,357.69,0.76,-0.85,-45.45,9.85
357,2026-04-15T14:05:57Z,38.302750,-89.797199,39.25,189.25,357.69,0.13,-0.18,-43.97,9.48
358,2026-04-15T14:05:58Z,38.302844,-89.797200,40.16,190.16,357.69,-1.21,-0.12,-44.12,9.88
359,2026-04-15T14:05:59Z,38.302943,-89.797200,39.86,189.86,357.69,0.04,-0.26,-46.61,10.69
360,2026-04-15T14:06:00Z,38.303023,-89.797210,39.89,189.89,357.69,-1.03,-0.23,-45.62,10.11
361,2026-04-15T14:06:01Z,38.303129,-89.797221,40.93,190.93,357.69,1.68,-1.58,-45.47,9.72
362,2026-04-15T14:06:02Z,38.303208,-89.797209,40.22,190.22,357.69,0.35,-1.63,-43.60,10.05
363,2026-04-15T14:06:03Z,38.303318,-89.797228,40.01,190.01,357.69,-0.26,-0.30,-45.49,10.26
364,2026-04-15T14:06:04Z,38.303392,-89.797238,40.36,190.36,357.69,-0.64,-0.94,-46.50,9.87
365,2026-04-15T14:06:05Z,38.303499,-89.797231,40.43,190.43,357.69,2.19,0.22,-43.55,9.79
366,2026-04-15T14:06:06Z,38.303575,-89.797242,39.74,189.74,357.69,0.34,2.24,-43.46,10.03
367,2026-04-15T14:06:07Z,38.303666,-89.797232,38.64,188.64,357.69,0.37,1.33,-44.58,9.81
368,2026-04-15T14:06:08Z,38.303754,-89.797256,39.60,189.60,357.69,1.68,1.96,-44.99,10.76
369,2026-04-15T14:06:09Z,38.303840,-89.797249,39.99,189.99,357.69,-0.04,-0.95,-45.87,9.95
370,2026-04-15T14:06:10Z,38.303932,-89.797276,40.30,190.30,357.69,-1.15,-2.74,-44.61,10.34
371,2026-04-15T14:06:11Z,38.304027,-89.797265,39.33,189.33,357.69,2.57,-0.32,-44.50,9.23
372,2026-04-15T14:06:12Z,38.304114,-89.797265,39.36,189.36,357.69,-2.03,-1.63,-45.71,9.82
373,2026-04-15T14:06:13Z,38.304188,-89.797279,39.64,189.64,357.69,-0.20,-0.02,-45.84,9.53
374,2026-04-15T14:06:14Z,38.304312,-89.797270,40.56,190.56,357.69,1.34,1.15,-46.02,9.87
375,2026-04-15T14:06:15Z,38.304378,-89.797250,39.79,189.79,357.69,-0.32,1.25,-45.99,10.19
376,2026-04-15T14:06:16Z,38.304465,-89.797275,40.10,190.10,357.69,0.04,-0.27,-44.29,9.01
377,2026-04-15T14:06:17Z,38.304566,-89.797289,40.04,190.04,357.69,-1.73,-1.22,-45.85,10.12
378,2026-04-15T14:06:18Z,38.304641,-89.797288,40.54,190.54,357.69,-0.90,-0.81,-45.44,10.25
379,2026-04-15T14:06:19Z,38.304753,-89.797296,40.87,190.87,357.69,-0.34,-1.89,-46.42,9.61
380,2026-04-15T14:06:20Z,38.304832,-89.797310,39.74,189.74,357.69,0.30,-0.43,-44.09,9.39
381,2026-04-15T14:06:21Z,38.304928,-89.797326,40.20,190.20,357.69,2.30,-0.04,-45.50,9.76
382,2026-04-15T14:06:22Z,38.305009,-89.797333,40.64,190.64,357.69,-2.59,-0.38,-45.11,10.85
383,2026-04-15T14:06:23Z,38.305097,-89.797306,40.62,190.62,357.69,3.11,0.05,-45.24,9.90
384,2026-04-15T14:06:24Z,38.305195,-89.797333,40.73,190.73,357.69,-0.53,-0.28,-45.91,10.25
385,2026-04-15T14:06:25Z,38.305285,-89.797344,40.00,190.00,357.69,0.85,1.56,-44.21,9.79
386,2026-04-15T14:06:26Z,38.305371,-89.797342,39.85,189.85,357.69,0.73,-0.85,-45.97,9.99
387,2026-04-15T14:06:27Z,38.305464,-89.797323,40.94,190.94,357.69,-1.49,2.11,-45.85,10.32
388,2026-04-15T14:06:28Z,38.305545,-89.797338,39.31,189.31,357.69,-0.08,0.60,-45.82,10.32
389,2026-04-15T14:06:29Z,38.305650,-89.797342,39.82,189.82,357.69,-3.99,0.54,-45.11,10.38
390,2026-04-15T14:06:30Z,38.305725,-89.797350,40.25,190.25,357.69,-0.18,-0.06,-44.61,9.71
391,2026-04-15T14:06:31Z,38.305833,-89.797362,40.66,190.66,357.69,0.45,-2.58,-44.93,9.48
392,2026-04-15T14:06:32Z,38.305918,-89.797338,40.02,190.02,357.69,1.54,0.06,-44.90,9.70
393,2026-04-15T14:06:33Z,38.306010,-89.797354,39.13,189.13,357.69,-0.02,-1.60,-46.62,10.02
394,2026-04-15T14:06:34Z,38.306091,-89.797376,39.64,189.64,357.69,-0.53,0.03,-43.42,9.95
395,2026-04-15T14:06:35Z,38.306181,-89.797354,40.62,190.62,357.69,-1.09,-0.44,-45.92,10.39
396,2026-04-15T14:06:36Z,38.306275,-89.797381,40.22,190.22,357.69,0.25,-0.54,-45.97,10.12
397,2026-04-15T14:06:37Z,38.306357,-89.797376,39.92,189.92,357.69,1.30,0.73,-46.47,9.98
398,2026-04-15T14:06:38Z,38.306450,-89.797399,39.97,189.97,357.69,0.76,2.50,-45.50,10.16
399,2026-04-15T14:06:39Z,38.306538,-89.797387,40.48,190.48,357.69,1.03,1.00,-45.15,9.59
400,2026-04-15T14:06:40Z,38.306628,-89.797390,40.21,190.21,357.69,-1.10,-2.58,-45.09,10.16
401,2026-04-15T14:06:41Z,38.306718,-89.797398,39.62,189.62,357.69,0.61,-1.11,-44.05,10.25
402,2026-04-15T14:06:42Z,38.306807,-89.797416,40.13,190.13,357.69,-1.36,0.93,-45.01,9.99
403,2026-04-15T14:06:43Z,38.306893,-89.797432,40.21,190.21,357.69,0.18,2.07,-47.49,10.04
404,2026-04-15T14:06:44Z,38.307001,-89.797401,39.51,189.51,357.69,-1.22,-1.56,-45.10,10.41
405,2026-04-15T14:06:45Z,38.307096,-89.797417,40.02,190.02,357.69,-0.93,2.25,-43.43,10.35
406,2026-04-15T14:06:46Z,38.307173,-89.797435,40.54,190.54,357.69,0.97,1.70,-44.56,10.12
407,2026-04-15T14:06:47Z,38.307251,-89.797414,40.14,190.14,357.69,0.92,0.47,-44.25,10.13
408,2026-04-15T14:06:48Z,38.307351,-89.797437,39.72,189.72,357.69,-0.43,1.48,-45.34,9.80
409,2026-04-15T14:06:49Z,38.307438,-89.797441,40.27,190.27,357.69,2.96,-2.09,-45.23,10.26
410,2026-04-15T14:06:50Z,38.307534,-89.797464,40.87,190.87,357.69,-1.19,1.46,-47.20,9.95
411,2026-04-15T14:06:51Z,38.307621,-89.797461,39.99,189.99,357.69,1.19,0.62,-42.91,10.15
412,2026-04-15T14:06:52Z,38.307709,-89.797458,40.61,190.61,357.69,0.63,-5.91,-44.55,9.97
413,2026-04-15T14:06:53Z,38.307798,-89.797463,39.67,189.67,357.69,-3.06,4.72,-43.85,10.36
414,2026-04-15T14:06:54Z,38.307892,-89.797441,40.14,190.14,357.69,1.54,-2.45,-44.40,9.64
415,2026-04-15T14:06:55Z,38.307989,-89.797462,39.27,189.27,357.69,-0.18,-1.11,-47.31,10.08
416,2026-04-15T14:06:56Z,38.308057,-89.797478,40.56,190.56,357.69,1.29,-1.18,-45.42,11.10
417,2026-04-15T14:06:57Z,38.308168,-89.797470,40.20,190.20,357.69,1.80,3.35,-44.99,10.10
418,2026-04-15T14:06:58Z,38.308249,-89.797476,39.77,189.77,357.69,0.74,-1.10,-43.68,9.12
419,2026-04-15T14:06:59Z,38.308339,-89.797469,39.57,189.57,357.69,-2.45,1.41,-45.24,10.45
420,2026-04-15T14:07:00Z,38.308436,-89.797495,40.34,190.34,357.69,0.57,0.66,-43.32,10.20
421,2026-04-15T14:07:01Z,38.308512,-89.797479,39.82,189.82,357.69,3.51,-1.20,-47.16,10.48
422,2026-04-15T14:07:02Z,38.308609,-89.797508,39.74,189.74,357.69,-0.80,2.15,-43.87,9.87
423,2026-04-15T14:07:03Z,38.308708,-89.797478,39.61,189.61,357.69,3.04,0.38,-45.06,9.00
424,2026-04-15T14:07:04Z,38.308771,-89.797525,40.35,190.35,357.69,-3.23,-1.41,-43.95,9.94
425,2026-04-15T14:07:05Z,38.308888,-89.797511,41.42,191.42,357.69,2.72,2.00,-44.17,10.41
426,2026-04-15T14:07:06Z,38.308955,-89.797537,39.63,189.63,357.69,0.00,0.56,-45.02,10.10
427,2026-04-15T14:07:07Z,38.309061,-89.797512,40.00,190.00,357.69,-3.93,1.31,-45.77,9.88
428,2026-04-15T14:07:08Z,38.309138,-89.797518,40.46,190.46,357.69,1.43,-1.64,-45.23,10.27
429,2026-04-15T14:07:09Z,38.309231,-89.797512,40.43,190.43,357.69,1.26,0.56,-45.12,9.90
430,2026-04-15T14:07:10Z,38.309330,-89.797527,39.93,189.93,357.69,0.53,-0.40,-46.15,9.50
431,2026-04-15T14:07:11Z,38.309409,-89.797544,40.01,190.01,357.69,-0.32,0.67,-45.37,10.22
432,2026-04-15T14:07:12Z,38.309511,-89.797541,40.28,190.28,357.69,-0.42,-2.39,-45.08,10.57
433,2026-04-15T14:07:13Z,38.309603,-89.797550,40.16,190.16,357.69,-1.25,0.81,-44.22,9.31
434,2026-04-15T14:07:14Z,38.309679,-89.797551,39.64,189.64,357.69,0.11,0.33,-44.60,9.54
435,2026-04-15T14:07:15Z,38.309782,-89.797541,40.47,190.47,357.69,1.41,-2.20,-44.90,9.86
436,2026-04-15T14:07:16Z,38.309875,-89.797557,40.41,190.41,357.69,-1.11,1.19,-45.09,10.76
437,2026-04-15T14:07:17Z,38.309965,-89.797568,40.39,190.39,357.69,0.95,-0.31,-45.37,10.62
438,2026-04-15T14:07:18Z,38.310039,-89.797562,40.66,190.66,357.69,-2.71,-0.95,-44.57,9.90
439,2026-04-15T14:07:19Z,38.310126,-89.797601,39.78,189.78,357.69,0.49,-0.60,-44.94,9.18
440,2026-04-15T14:07:20Z,38.310236,-89.797593,38.93,188.93,357.69,0.70,-2.14,-45.37,9.99
441,2026-04-15T14:07:21Z,38.310311,-89.797587,39.69,189.69,357.69,-0.39,0.28,-45.48,11.07
442,2026-04-15T14:07:22Z,38.310381,-89.797576,38.42,188.42,357.69,-1.98,-2.04,-45.11,10.54
443,2026-04-15T14:07:23Z,38.310514,-89.797593,39.90,189.90,357.69,0.98,-0.56,-44.29,9.69
444,2026-04-15T14:07:24Z,38.310567,-89.797595,40.16,190.16,357.69,-1.55,-0.22,-45.49,9.46
445,2026-04-15T14:07:25Z,38.310677,-89.797622,39.56,189.56,357.69,-1.26,-0.64,-45.18,10.85
446,2026-04-15T14:07:26Z,38.310761,-89.797597,39.71,189.71,357.69,-1.28,1.16,-45.21,10.34
447,2026-04-15T14:07:27Z,38.310852,-89.797616,40.28,190.28,357.69,-1.46,3.06,-44.49,9.52
448,2026-04-15T14:07:28Z,38.310940,-89.797612,39.97,189.97,357.69,0.24,-0.18,-44.65,9.10
449,2026-04-15T14:07:29Z,38.311027,-89.797627,40.57,190.57,357.69,-0.64,0.55,-45.39,9.94
450,2026-04-15T14:07:30Z,38.311133,-89.797631,40.18,190.18,357.69,-1.87,1.08,-44.74,9.72
451,2026-04-15T14:07:31Z,38.311219,-89.797625,39.27,189.27,357.69,-3.01,0.78,-46.09,10.05
452,2026-04-15T14:07:32Z,38.311307,-89.797630,39.73,189.73,357.69,1.83,-2.48,-44.36,9.99
453,2026-04-15T14:07:33Z,38.311394,-89.797632,39.17,189.17,357.69,1.66,2.04,-45.77,10.00
454,2026-04-15T14:07:34Z,38.311480,-89.797626,39.29,189.29,357.69,0.27,0.26,-45.93,9.98
455,2026-04-15T14:07:35Z,38.311581,-89.797642,40.91,190.91,357.69,-0.72,1.64,-43.18,9.68
456,2026-04-15T14:07:36Z,38.311662,-89.797674,39.89,189.89,357.69,1.02,1.67,-43.08,10.39
457,2026-04-15T14:07:37Z,38.311748,-89.797672,39.40,189.40,357.69,1.53,2.59,-44.78,9.95
458,2026-04-15T14:07:38Z,38.311842,-89.797667,40.61,190.61,357.69,-0.16,-0.12,-45.03,9.70
459,2026-04-15T14:07:39Z,38.311948,-89.797681,41.23,191.23,357.69,-1.23,-0.99,-44.35,9.74
460,2026-04-15T14:07:40Z,38.312022,-89.797662,39.59,189.59,357.69,-0.56,0.42,-46.47,9.33
461,2026-04-15T14:07:41Z,38.312111,-89.797674,39.60,189.60,357.69,-1.64,-0.22,-44.54,9.67
462,2026-04-15T14:07:42Z,38.312226,-89.797671,39.37,189.37,357.69,-0.17,2.36,-44.34,9.39
463,2026-04-15T14:07:43Z,38.312287,-89.797677,40.69,190.69,357.69,-1.60,0.66,-46.28,10.58
464,2026-04-15T14:07:44Z,38.312374,-89.797708,39.87,189.87,357.69,1.16,-0.02,-45.86,9.43
465,2026-04-15T14:07:45Z,38.312476,-89.797681,40.17,190.17,357.69,-0.43,-0.16,-45.70,9.77
466,2026-04-15T14:07:46Z,38.312546,-89.797707,40.62,190.62,357.69,-2.90,-0.13,-43.90,9.67
467,2026-04-15T14:07:47Z,38.312635,-89.797705,40.21,190.21,357.69,0.84,0.91,-46.58,10.21
468,2026-04-15T14:07:48Z,38.312746,-89.797696,39.89,189.89,357.69,-1.52,1.95,-45.62,10.15
469,2026-04-15T14:07:49Z,38.312845,-89.797721,40.34,190.34,357.69,2.82,-2.96,-44.63,9.79
470,2026-04-15T14:07:50Z,38.312902,-89.797735,40.95,190.95,357.69,-3.02,-0.01,-45.62,10.36
471,2026-04-15T14:07:51Z,38.313016,-89.797705,40.33,190.33,357.69,0.76,-1.64,-44.30,10.17
472,2026-04-15T14:07:52Z,38.313109,-89.797737,39.68,189.68,357.69,0.31,-1.71,-45.42,10.58
473,2026-04-15T14:07:53Z,38.313186,-89.797736,39.96,189.96,357.69,2.51,1.25,-43.52,9.90
474,2026-04-15T14:07:54Z,38.313265,-89.797738,40.59,190.59,357.69,-1.02,-1.13,-44.04,10.29
475,2026-04-15T14:07:55Z,38.313368,-89.797737,40.08,190.08,357.69,0.18,-1.24,-43.30,9.95
476,2026-04-15T14:07:56Z,38.313465,-89.797733,39.74,189.74,357.69,-0.48,-1.29,-44.32,9.78
477,2026-04-15T14:07:57Z,38.313556,-89.797759,39.84,189.84,357.69,-1.13,-0.61,-43.44,10.15
478,2026-04-15T14:07:58Z,38.313633,-89.797764,41.25,191.25,357.69,-1.78,2.70,-45.41,9.15
479,2026-04-15T14:07:59Z,38.313734,-89.797738,39.64,189.64,357.69,0.62,-0.11,-45.52,9.76
480,2026-04-15T14:08:00Z,38.313818,-89.797783,40.23,190.23,357.69,-0.24,-0.34,-44.45,10.33
481,2026-04-15T14:08:01Z,38.313904,-89.797775,39.97,189.97,357.69,-0.07,-0.17,-45.16,10.59
482,2026-04-15T14:08:02Z,38.313995,-89.797788,39.54,189.54,357.69,-0.85,0.14,-45.48,10.34
483,2026-04-15T14:08:03Z,38.314077,-89.797786,40.70,190.70,357.69,-1.01,-0.64,-45.33,9.83
484,2026-04-15T14:08:04Z,38.314181,-89.797790,39.95,189.95,357.69,0.54,0.47,-44.79,9.80
485,2026-04-15T14:08:05Z,38.314274,-89.797792,40.61,190.61,357.69,2.23,-0.12,-44.73,10.19
486,2026-04-15T14:08:06Z,38.314352,-89.797795,40.41,190.41,357.69,2.24,0.04,-43.42,9.85
487,2026-04-15T14:08:07Z,38.314439,-89.797803,39.75,189.75,357.69,0.96,-0.11,-45.46,10.40
488,2026-04-15T14:08:08Z,38.314538,-89.797796,40.42,190.42,357.69,-0.67,0.15,-44.87,9.98
489,2026-04-15T14:08:09Z,38.314630,-89.797814,40.87,190.87,357.69,2.27,2.09,-44.05,9.75
490,2026-04-15T14:08:10Z,38.314735,-89.797807,39.84,189.84,357.69,-1.01,1.26,-46.48,9.79
491,2026-04-15T14:08:11Z,38.314795,-89.797800,40.51,190.51,357.69,1.39,1.16,-45.19,10.17
492,2026-04-15T14:08:12Z,38.314884,-89.797808,40.22,190.22,357.69,0.21,-0.70,-45.12,9.45
493,2026-04-15T14:08:13Z,38.314984,-89.797821,39.90,189.90,357.69,1.01,0.73,-46.43,9.54
494,2026-04-15T14:08:14Z,38.315081,-89.797822,39.92,189.92,357.69,-1.15,-2.63,-44.48,10.08
495,2026-04-15T14:08:15Z,38.315166,-89.797832,39.88,189.88,357.69,0.24,-0.09,-44.13,9.90
496,2026-04-15T14:08:16Z,38.315253,-89.797858,40.07,190.07,357.69,-3.80,-1.65,-45.44,9.48
497,2026-04-15T14:08:17Z,38.315340,-89.797863,39.89,189.89,357.69,1.24,0.01,-44.08,10.49
498,2026-04-15T14:08:18Z,38.315433,-89.797860,40.34,190.34,357.69,0.50,-0.04,-45.36,9.57
499,2026-04-15T14:08:19Z,38.315522,-89.797842,39.21,189.21,357.69,-0.43,-1.11,-44.96,10.11
500,2026-04-15T14:08:20Z,38.315619,-89.797860,40.12,190.12,357.69,-0.90,0.63,-46.74,10.57
501,2026-04-15T14:08:21Z,38.315710,-89.797886,40.32,190.32,357.69,0.25,-2.18,-44.98,9.81
502,2026-04-15T14:08:22Z,38.315803,-89.797862,39.99,189.99,357.69,1.72,1.10,-45.62,10.00
503,2026-04-15T14:08:23Z,38.315881,-89.797881,39.98,189.98,357.69,-3.24,-0.33,-44.75,9.54
504,2026-04-15T14:08:24Z,38.315977,-89.797866,39.35,189.35,357.69,-2.16,0.37,-45.10,9.79
505,2026-04-15T14:08:25Z,38.316061,-89.797882,39.65,189.65,357.69,2.37,1.22,-45.18,9.59
506,2026-04-15T14:08:26Z,38.316142,-89.797890,40.29,190.29,357.69,1.51,1.84,-45.08,10.07
507,2026-04-15T14:08:27Z,38.316241,-89.797897,39.79,189.79,357.69,-0.64,-2.52,-44.54,10.36
508,2026-04-15T14:08:28Z,38.316334,-89.797902,39.02,189.02,357.69,1.04,-1.71,-44.85,10.47
509,2026-04-15T14:08:29Z,38.316415,-89.797917,38.95,188.95,357.69,1.32,-0.46,-45.06,10.31
510,2026-04-15T14:08:30Z,38.316531,-89.797914,39.41,189.41,357.69,0.82,-0.45,-46.43,10.05
511,2026-04-15T14:08:31Z,38.316598,-89.797902,40.36,190.36,357.69,-1.83,-1.48,-45.03,9.33
512,2026-04-15T14:08:32Z,38.316714,-89.797918,40.03,190.03,357.69,3.88,-0.90,-45.51,9.68
513,2026-04-15T14:08:33Z,38.316786,-89.797935,40.40,190.40,357.69,-1.26,-0.89,-46.89,10.00
514,2026-04-15T14:08:34Z,38.316869,-89.797950,39.77,189.77,357.69,-0.88,-0.87,-45.84,9.80
515,2026-04-15T14:08:35Z,38.316975,-89.797912,39.92,189.92,357.69,-0.46,-0.45,-45.83,10.46
516,2026-04-15T14:08:36Z,38.317060,-89.797926,39.35,189.35,357.69,-0.78,-1.35,-45.03,10.06
517,2026-04-15T14:08:37Z,38.317127,-89.797943,40.94,190.94,357.69,-1.70,0.83,-44.91,10.17
518,2026-04-15T14:08:38Z,38.317231,-89.797949,40.00,190.00,357.69,-0.26,1.11,-44.18,9.76
519,2026-04-15T14:08:39Z,38.317312,-89.797953,40.80,190.80,357.69,0.55,2.41,-43.79,10.72
520,2026-04-15T14:08:40Z,38.317412,-89.797975,39.97,189.97,357.69,0.20,2.62,-44.75,9.49
521,2026-04-15T14:08:41Z,38.317496,-89.797970,39.02,189.02,357.69,2.44,1.28,-45.13,9.24
522,2026-04-15T14:08:42Z,38.317592,-89.797962,39.99,189.99,357.69,0.59,-2.97,-43.94,10.56
523,2026-04-15T14:08:43Z,38.317666,-89.797970,39.31,189.31,357.69,-1.89,-2.07,-46.05,10.02
524,2026-04-15T14:08:44Z,38.317780,-89.797972,40.33,190.33,357.69,0.36,0.86,-45.97,10.54
525,2026-04-15T14:08:45Z,38.317862,-89.797988,40.28,190.28,357.69,1.45,-0.04,-44.10,10.36
526,2026-04-15T14:08:46Z,38.317951,-89.797986,40.25,190.25,357.69,3.31,1.09,-46.10,10.29
527,2026-04-15T14:08:47Z,38.318034,-89.797999,40.04,190.04,357.69,2.04,-0.44,-44.36,9.56
528,2026-04-15T14:08:48Z,38.318134,-89.797985,39.48,189.48,357.69,-0.64,-0.15,-44.88,9.99
529,2026-04-15T14:08:49Z,38.318228,-89.797999,40.41,190.41,357.69,2.46,-4.97,-45.64,10.13
530,2026-04-15T14:08:50Z,38.318323,-89.798027,40.74,190.74,357.69,-3.06,1.09,-46.05,10.03
531,2026-04-15T14:08:51Z,38.318394,-89.797986,39.81,189.81,357.69,3.01,1.39,-45.33,9.62
532,2026-04-15T14:08:52Z,38.318485,-89.798009,40.79,190.79,357.69,-1.91,1.91,-45.28,9.61
533,2026-04-15T14:08:53Z,38.318583,-89.798006,39.80,189.80,357.69,-0.32,1.86,-42.83,9.03
534,2026-04-15T14:08:54Z,38.318670,-89.798017,40.68,190.68,357.69,0.44,-2.97,-45.42,10.24
535,2026-04-15T14:08:55Z,38.318763,-89.798038,39.82,189.82,357.69,-0.39,-2.15,-46.89,10.68
536,2026-04-15T14:08:56Z,38.318851,-89.798032,39.57,189.57,357.69,0.43,0.26,-44.65,10.09
537,2026-04-15T14:08:57Z,38.318930,-89.798037,39.84,189.84,357.69,1.48,-1.09,-45.78,9.98
538,2026-04-15T14:08:58Z,38.319044,-89.798033,39.30,189.30,357.69,-1.85,-1.71,-46.33,9.88
539,2026-04-15T14:08:59Z,38.319114,-89.798016,40.51,190.51,357.69,1.63,-0.20,-44.60,10.55
540,2026-04-15T14:09:00Z,38.319212,-89.798056,39.42,189.42,357.69,-1.83,0.30,-44.35,10.36
541,2026-04-15T14:09:01Z,38.319307,-89.798044,39.40,189.40,357.69,-0.21,-1.47,-46.99,10.22
542,2026-04-15T14:09:02Z,38.319394,-89.798071,39.15,189.15,357.69,-1.80,-0.63,-44.93,10.70
543,2026-04-15T14:09:03Z,38.319481,-89.798069,39.65,189.65,357.69,-0.42,-0.03,-47.16,10.32
544,2026-04-15T14:09:04Z,38.319565,-89.798053,39.64,189.64,357.69,0.56,0.90,-44.67,9.62
545,2026-04-15T14:09:05Z,38.319655,-89.798058,40.81,190.81,357.69,-2.34,4.39,-46.33,10.47
546,2026-04-15T14:09:06Z,38.319739,-89.798068,39.95,189.95,357.69,1.97,1.40,-45.89,10.14
547,2026-04-15T14:09:07Z,38.319840,-89.798065,40.53,190.53,357.69,1.23,1.06,-45.51,10.45
548,2026-04-15T14:09:08Z,38.319918,-89.798076,39.77,189.77,357.69,-1.31,-0.57,-45.43,10.50
549,2026-04-15T14:09:09Z,38.320028,-89.798077,40.01,190.01,357.69,2.42,-2.64,-44.25,10.12
550,2026-04-15T14:09:10Z,38.320119,-89.798076,40.40,190.40,357.69,-0.81,0.99,-45.59,9.69
551,2026-04-15T14:09:11Z,38.320197,-89.798112,39.40,189.40,357.69,-0.64,-1.14,-45.19,10.14
552,2026-04-15T14:09:12Z,38.320292,-89.798102,40.09,190.09,357.69,-0.38,-0.02,-45.89,10.04
553,2026-04-15T14:09:13Z,38.320374,-89.798125,39.42,189.42,357.69,-0.60,1.70,-45.01,9.53
554,2026-04-15T14:09:14Z,38.320470,-89.798119,40.14,190.14,357.69,-0.13,-1.24,-46.17,10.68
555,2026-04-15T14:09:15Z,38.320561,-89.798124,40.36,190.36,357.69,-2.48,0.72,-46.29,9.60
556,2026-04-15T14:09:16Z,38.320654,-89.798106,39.70,189.70,357.69,2.09,-0.70,-43.40,10.08
557,2026-04-15T14:09:17Z,38.320735,-89.798133,40.05,190.05,357.69,1.70,1.33,-44.63,10.09
558,2026-04-15T14:09:18Z,38.320834,-89.798125,40.40,190.40,357.69,-1.62,0.31,-42.31,9.79
559,2026-04-15T14:09:19Z,38.320925,-89.798140,40.70,190.70,357.69,-0.38,0.60,-45.67,9.25
560,2026-04-15T14:09:20Z,38.321003,-89.798138,39.73,189.73,357.69,-1.63,-2.34,-45.97,9.69
561,2026-04-15T14:09:21Z,38.321097,-89.798129,39.67,189.67,357.69,2.41,-1.71,-44.91,9.52
562,2026-04-15T14:09:22Z,38.321179,-89.798154,40.19,190.19,357.69,1.91,1.00,-44.85,10.18
563,2026-04-15T14:09:23Z,38.321283,-89.798162,40.61,190.61,357.69,0.73,0.90,-46.48,10.21
564,2026-04-15T14:09:24Z,38.321357,-89.798153,40.07,190.07,357.69,0.16,-0.28,-43.74,10.23
565,2026-04-15T14:09:25Z,38.321460,-89.798151,40.60,190.60,357.69,0.48,1.09,-44.73,10.51
566,2026-04-15T14:09:26Z,38.321557,-89.798138,39.48,189.48,357.69,2.38,0.28,-45.43,9.70
567,2026-04-15T14:09:27Z,38.321631,-89.798158,40.28,190.28,357.69,-0.14,1.35,-43.35,10.80
568,2026-04-15T14:09:28Z,38.321714,-89.798185,40.14,190.14,357.69,-0.63,-0.99,-45.15,9.77
569,2026-04-15T14:09:29Z,38.321808,-89.798192,40.19,190.19,357.69,1.47,0.78,-44.58,10.05
570,2026-04-15T14:09:30Z,38.321913,-89.798193,39.75,189.75,357.69,1.40,0.97,-45.21,10.11
571,2026-04-15T14:09:31Z,38.321995,-89.798184,39.42,189.42,357.69,1.16,1.39,-44.01,10.34
572,2026-04-15T14:09:32Z,38.322095,-89.798213,40.11,190.11,357.69,-1.43,-0.20,-43.82,9.43
573,2026-04-15T14:09:33Z,38.322179,-89.798194,40.89,190.89,357.69,-1.42,-2.09,-45.87,10.10
574,2026-04-15T14:09:34Z,38.322267,-89.798218,40.22,190.22,357.69,-1.08,0.16,-44.48,10.12
575,2026-04-15T14:09:35Z,38.322350,-89.798197,39.64,189.64,357.69,2.19,0.48,-46.27,10.24
576,2026-04-15T14:09:36Z,38.322446,-89.798209,39.57,189.57,357.69,-0.57,1.30,-44.18,9.50
577,2026-04-15T14:09:37Z,38.322546,-89.798215,40.98,190.98,357.69,0.66,-0.36,-43.51,9.66
578,2026-04-15T14:09:38Z,38.322626,-89.798231,40.12,190.12,357.69,-1.31,1.39,-45.02,9.55
579,2026-04-15T14:09:39Z,38.322723,-89.798234,40.65,190.65,357.69,-2.94,-1.34,-46.40,9.93
580,2026-04-15T14:09:40Z,38.322792,-89.798223,40.18,190.18,357.69,-1.11,0.80,-46.47,10.24
581,2026-04-15T14:09:41Z,38.322891,-89.798235,39.71,189.71,357.69,-0.03,0.71,-44.70,10.04
582,2026-04-15T14:09:42Z,38.322993,-89.798243,40.33,190.33,357.69,0.36,0.20,-47.16,10.11
583,2026-04-15T14:09:43Z,38.323092,-89.798253,39.60,189.60,357.69,-1.97,2.62,-45.62,9.87
584,2026-04-15T14:09:44Z,38.323158,-89.798256,40.22,190.22,357.69,0.41,-1.16,-43.68,10.56
585,2026-04-15T14:09:45Z,38.323257,-89.798260,39.96,189.96,357.69,0.36,0.00,-44.98,10.05
586,2026-04-15T14:09:46Z,38.323361,-89.798224,40.09,190.09,357.69,-1.58,1.22,-46.62,9.63
587,2026-04-15T14:09:47Z,38.323432,-89.798256,40.09,190.09,357.69,2.76,1.19,-45.47,9.84
588,2026-04-15T14:09:48Z,38.323531,-89.798267,39.74,189.74,357.69,1.77,-0.84,-45.07,9.84
589,2026-04-15T14:09:49Z,38.323623,-89.798266,40.12,190.12,357.69,3.50,1.23,-47.37,9.73
590,2026-04-15T14:09:50Z,38.323715,-89.798289,39.31,189.31,357.69,1.89,-0.41,-44.79,9.72
591,2026-04-15T14:09:51Z,38.323779,-89.798267,39.87,189.87,357.69,0.49,0.73,-44.91,9.48
592,2026-04-15T14:09:52Z,38.323895,-89.798277,40.75,190.75,357.69,0.16,1.30,-43.84,9.98
593,2026-04-15T14:09:53Z,38.323970,-89.798267,40.06,190.06,357.69,0.66,-1.28,-46.65,10.00
594,2026-04-15T14:09:54Z,38.324082,-89.798281,39.54,189.54,357.69,0.94,-0.73,-43.57,10.05
595,2026-04-15T14:09:55Z,38.324149,-89.798286,39.68,189.68,357.69,2.32,0.71,-45.49,10.20
596,2026-04-15T14:09:56Z,38.324245,-89.798294,39.79,189.79,357.69,2.64,2.10,-45.66,9.84
597,2026-04-15T14:09:57Z,38.324321,-89.798322,39.44,189.44,357.69,-0.11,-2.08,-44.85,9.89
598,2026-04-15T14:09:58Z,38.324396,-89.798310,40.80,190.80,357.69,-4.32,0.25,-44.30,9.51
599,2026-04-15T14:09:59Z,38.324509,-89.798313,40.65,190.65,357.69,0.90,-1.85,-44.83,10.68
600,2026-04-15T14:10:00Z,38.324593,-89.798321,39.88,189.88,357.69,2.30,-0.34,-46.48,9.77
601,2026-04-15T14:10:01Z,38.324696,-89.798317,40.03,190.03,357.69,-0.65,-0.88,-45.50,9.69
602,2026-04-15T14:10:02Z,38.324776,-89.798332,39.32,189.32,357.69,-1.17,1.32,-44.62,10.10
603,2026-04-15T14:10:03Z,38.324885,-89.798350,40.71,190.71,357.69,0.93,1.33,-44.04,9.95
604,2026-04-15T14:10:04Z,38.324962,-89.798334,39.95,189.95,357.69,-1.34,0.61,-43.46,10.29
605,2026-04-15T14:10:05Z,38.325070,-89.798332,40.73,190.73,357.69,1.58,2.92,-45.05,10.21
606,2026-04-15T14:10:06Z,38.325127,-89.798350,40.09,190.09,357.69,-1.80,-0.74,-46.23,9.67
607,2026-04-15T14:10:07Z,38.325239,-89.798333,40.34,190.34,357.69,0.31,-1.29,-44.72,9.44
608,2026-04-15T14:10:08Z,38.325314,-89.798346,40.35,190.35,357.69,0.76,0.09,-43.27,9.87
609,2026-04-15T14:10:09Z,38.325394,-89.798357,40.62,190.62,357.69,-0.75,0.27,-45.92,9.85
610,2026-04-15T14:10:10Z,38.325496,-89.798379,39.91,189.91,357.69,-0.90,0.84,-45.38,9.16
611,2026-04-15T14:10:11Z,38.325587,-89.798361,40.79,190.79,357.69,1.81,-2.63,-45.85,9.71
612,2026-04-15T14:10:12Z,38.325685,-89.798373,40.06,190.06,357.69,-0.30,1.14,-45.49,10.35
613,2026-04-15T14:10:13Z,38.325765,-89.798402,40.34,190.34,357.69,1.51,1.51,-45.22,9.65
614,2026-04-15T14:10:14Z,38.325861,-89.798383,39.90,189.90,357.69,2.17,-0.85,-44.47,9.42
615,2026-04-15T14:10:15Z,38.325953,-89.798387,40.11,190.11,357.69,-1.31,1.49,-44.83,10.36
616,2026-04-15T14:10:16Z,38.326040,-89.798399,39.98,189.98,357.69,-1.76,-2.58,-45.27,10.23
617,2026-04-15T14:10:17Z,38.326136,-89.798403,40.69,190.69,357.69,2.10,2.18,-44.74,10.52
618,2026-04-15T14:10:18Z,38.326225,-89.798412,38.66,188.66,357.69,-1.16,-0.30,-47.49,10.16
619,2026-04-15T14:10:19Z,38.326318,-89.798411,39.70,189.70,357.69,-1.22,-1.27,-45.97,9.54
620,2026-04-15T14:10:20Z,38.326387,-89.798415,39.83,189.83,357.69,-2.63,-0.67,-45.89,10.34
621,2026-04-15T14:10:21Z,38.326492,-89.798418,40.42,190.42,357.69,0.00,0.79,-45.75,10.74
622,2026-04-15T14:10:22Z,38.326578,-89.798422,41.07,191.07,357.69,-0.20,0.03,-45.75,9.54
623,2026-04-15T14:10:23Z,38.326672,-89.798427,40.06,190.06,357.69,1.10,-1.40,-45.37,9.71
624,2026-04-15T14:10:24Z,38.326766,-89.798415,39.62,189.62,357.69,-0.13,1.57,-44.89,10.25
625,2026-04-15T14:10:25Z,38.326864,-89.798418,39.51,189.51,357.69,-1.13,-0.12,-46.82,9.87
626,2026-04-15T14:10:26Z,38.326924,-89.798429,40.17,190.17,357.69,-1.36,-1.58,-45.19,10.30
627,2026-04-15T14:10:27Z,38.327041,-89.798444,40.09,190.09,357.69,0.57,0.27,-44.57,10.47
628,2026-04-15T14:10:28Z,38.327117,-89.798432,39.95,189.95,357.69,1.02,1.42,-45.47,9.71
629,2026-04-15T14:10:29Z,38.327215,-89.798442,38.32,188.32,357.69,0.60,-1.40,-43.31,9.31
630,2026-04-15T14:10:30Z,38.327301,-89.798460,40.03,190.03,357.69,-0.96,0.18,-44.00,9.85
631,2026-04-15T14:10:31Z,38.327374,-89.798461,39.78,189.78,357.69,-1.13,0.22,-46.07,10.03
632,2026-04-15T14:10:32Z,38.327478,-89.798471,39.17,189.17,357.69,-4.22,-0.56,-46.49,10.17
633,2026-04-15T14:10:33Z,38.327570,-89.798477,40.41,190.41,357.69,-0.32,1.68,-45.46,9.92
634,2026-04-15T14:10:34Z,38.327657,-89.798461,40.33,190.33,357.69,0.69,-0.79,-43.93,10.79
635,2026-04-15T14:10:35Z,38.327756,-89.798485,40.27,190.27,357.69,0.75,0.05,-45.13,9.97
636,2026-04-15T14:10:36Z,38.327852,-89.798482,39.33,189.33,357.69,-0.45,0.47,-44.76,10.08
637,2026-04-15T14:10:37Z,38.327930,-89.798511,39.22,189.22,357.69,-0.04,2.01,-44.47,10.56
638,2026-04-15T14:10:38Z,38.328012,-89.798515,40.26,190.26,357.69,2.63,-0.30,-44.92,10.21
639,2026-04-15T14:10:39Z,38.328091,-89.798508,40.12,190.12,357.69,-1.31,2.13,-43.40,9.86
640,2026-04-15T14:10:40Z,38.328187,-89.798504,39.79,189.79,357.69,0.36,0.90,-45.94,10.59
641,2026-04-15T14:10:41Z,38.328298,-89.798513,40.93,190.93,357.69,-0.98,0.79,-44.76,10.44
642,2026-04-15T14:10:42Z,38.328374,-89.798506,39.99,189.99,357.69,-0.95,-1.12,-44.92,10.01
643,2026-04-15T14:10:43Z,38.328468,-89.798507,39.32,189.32,357.69,2.39,-1.02,-46.04,10.04
644,2026-04-15T14:10:44Z,38.328548,-89.798515,39.37,189.37,357.69,-1.00,-0.86,-45.31,10.01
645,2026-04-15T14:10:45Z,38.328643,-89.798532,39.97,189.97,357.69,-0.68,0.71,-45.48,10.11
646,2026-04-15T14:10:46Z,38.328732,-89.798532,39.14,189.14,357.69,-1.00,-1.53,-45.23,9.67
647,2026-04-15T14:10:47Z,38.328819,-89.798548,40.51,190.51,357.69,1.49,0.45,-43.88,10.83
648,2026-04-15T14:10:48Z,38.328918,-89.798545,40.06,190.06,357.69,-3.31,-1.26,-45.83,9.87
649,2026-04-15T14:10:49Z,38.329010,-89.798552,39.10,189.10,357.69,0.43,1.15,-44.64,9.99
650,2026-04-15T14:10:50Z,38.329117,-89.798561,40.66,190.66,357.69,-0.95,-0.19,-45.75,10.37
651,2026-04-15T14:10:51Z,38.329184,-89.798561,39.78,189.78,357.69,-1.55,1.69,-44.12,10.00
652,2026-04-15T14:10:52Z,38.329269,-89.798551,39.47,189.47,357.69,0.47,0.82,-45.74,9.29
653,2026-04-15T14:10:53Z,38.329370,-89.798543,41.51,191.51,357.69,0.49,-1.84,-42.17,9.65
654,2026-04-15T14:10:54Z,38.329451,-89.798560,40.05,190.05,357.69,-0.31,-2.03,-45.64,9.58
655,2026-04-15T14:10:55Z,38.329542,-89.798572,38.86,188.86,357.69,3.83,-1.43,-44.67,9.97
656,2026-04-15T14:10:56Z,38.329631,-89.798611,39.50,189.50,357.69,1.27,-0.05,-45.22,9.73
657,2026-04-15T14:10:57Z,38.329730,-89.798582,39.92,189.92,357.69,-2.06,-0.31,-43.75,10.27
658,2026-04-15T14:10:58Z,38.329795,-89.798597,40.08,190.08,357.69,-0.50,0.64,-45.89,10.09
659,2026-04-15T14:10:59Z,38.329913,-89.798591,40.91,190.91,357.69,0.83,2.12,-45.80,10.34
660,2026-04-15T14:11:00Z,38.329991,-89.798617,40.44,190.44,357.69,-0.73,-1.83,-43.88,10.66
661,2026-04-15T14:11:01Z,38.330077,-89.798608,40.77,190.77,357.69,-0.28,2.42,-44.41,9.86
662,2026-04-15T14:11:02Z,38.330164,-89.798589,39.13,189.13,357.69,0.74,-0.79,-45.78,10.40
663,2026-04-15T14:11:03Z,38.330253,-89.798591,40.06,190.06,357.69,0.86,1.81,-44.68,9.75
664,2026-04-15T14:11:04Z,38.330360,-89.798605,40.03,190.03,357.69,-0.17,-1.49,-46.27,10.13
665,2026-04-15T14:11:05Z,38.330447,-89.798629,39.99,189.99,357.69,1.46,0.42,-44.69,9.90
666,2026-04-15T14:11:06Z,38.330530,-89.798627,39.83,189.83,357.69,-2.59,-0.03,-44.63,10.10
667,2026-04-15T14:11:07Z,38.330626,-89.798642,39.79,189.79,357.69,-0.81,-1.83,-46.09,9.85
668,2026-04-15T14:11:08Z,38.330713,-89.798630,40.07,190.07,357.69,0.58,-0.30,-45.50,9.65
669,2026-04-15T14:11:09Z,38.330794,-89.798645,40.36,190.36,357.69,-0.18,-1.50,-42.21,9.93
670,2026-04-15T14:11:10Z,38.330872,-89.798667,39.74,189.74,357.69,2.66,0.77,-44.70,10.08
671,2026-04-15T14:11:11Z,38.330991,-89.798647,39.02,189.02,357.69,0.33,3.25,-45.72,10.10
672,2026-04-15T14:11:12Z,38.331083,-89.798668,40.77,190.77,357.69,1.26,1.06,-44.32,10.05
673,2026-04-15T14:11:13Z,38.331163,-89.798665,39.92,189.92,357.69,-0.17,-2.41,-44.83,9.69
674,2026-04-15T14:11:14Z,38.331261,-89.798648,40.66,190.66,357.69,-0.23,-0.38,-44.61,10.06
675,2026-04-15T14:11:15Z,38.331348,-89.798663,39.33,189.33,357.69,0.72,1.49,-44.95,10.55
676,2026-04-15T14:11:16Z,38.331429,-89.798649,39.47,189.47,357.69,2.99,0.36,-45.43,9.32
677,2026-04-15T14:11:17Z,38.331516,-89.798699,40.93,190.93,357.69,0.76,1.24,-45.91,10.28
678,2026-04-15T14:11:18Z,38.331615,-89.798668,38.90,188.90,357.69,1.12,0.15,-45.89,10.24
679,2026-04-15T14:11:19Z,38.331700,-89.798690,40.18,190.18,357.69,1.15,-0.78,-45.52,9.79
680,2026-04-15T14:11:20Z,38.331801,-89.798692,40.27,190.27,357.69,2.28,-2.18,-44.90,9.48
681,2026-04-15T14:11:21Z,38.331879,-89.798703,39.86,189.86,357.69,2.61,-0.35,-45.36,10.49
682,2026-04-15T14:11:22Z,38.331954,-89.798679,39.47,189.47,357.69,0.16,1.10,-43.48,9.64
683,2026-04-15T14:11:23Z,38.332080,-89.798695,39.76,189.76,357.69,-0.27,1.21,-44.05,9.74
684,2026-04-15T14:11:24Z,38.332156,-89.798730,39.72,189.72,357.69,-0.80,-0.12,-42.27,10.58
685,2026-04-15T14:11:25Z,38.332240,-89.798696,40.92,190.92,357.69,-0.65,-3.42,-45.86,10.30
686,2026-04-15T14:11:26Z,38.332336,-89.798711,40.59,190.59,357.69,0.30,-3.08,-45.88,9.56
687,2026-04-15T14:11:27Z,38.332425,-89.798747,40.41,190.41,357.69,-2.15,-0.39,-43.28,10.73
688,2026-04-15T14:11:28Z,38.332514,-89.798722,40.05,190.05,357.69,-0.21,1.93,-44.91,9.45
689,2026-04-15T14:11:29Z,38.332606,-89.798735,39.56,189.56,357.69,-1.58,-2.04,-45.02,9.83
690,2026-04-15T14:11:30Z,38.332688,-89.798747,40.35,190.35,357.69,0.64,0.75,-43.33,9.63
691,2026-04-15T14:11:31Z,38.332783,-89.798731,40.04,190.04,357.69,1.28,2.52,-45.12,9.44
692,2026-04-15T14:11:32Z,38.332888,-89.798734,41.00,191.00,357.69,-1.33,0.08,-45.73,9.93
693,2026-04-15T14:11:33Z,38.332961,-89.798752,40.08,190.08,357.69,-1.46,-0.79,-43.73,9.96
694,2026-04-15T14:11:34Z,38.333048,-89.798770,38.99,188.99,357.69,0.42,-1.77,-46.79,9.87
695,2026-04-15T14:11:35Z,38.333144,-89.798722,40.44,190.44,357.69,-0.18,-0.18,-46.27,9.60
696,2026-04-15T14:11:36Z,38.333216,-89.798765,40.40,190.40,357.69,-1.02,0.76,-44.48,10.10
697,2026-04-15T14:11:37Z,38.333310,-89.798782,40.32,190.32,357.69,0.61,1.77,-43.53,10.45
698,2026-04-15T14:11:38Z,38.333395,-89.798767,40.66,190.66,357.69,2.14,-0.88,-44.32,10.45
699,2026-04-15T14:11:39Z,38.333505,-89.798784,40.10,190.10,357.69,-1.27,0.49,-43.95,9.47
700,2026-04-15T14:11:40Z,38.333588,-89.798764,40.74,190.74,357.69,-0.15,-0.76,-44.18,9.61
701,2026-04-15T14:11:41Z,38.333684,-89.798796,40.46,190.46,357.69,1.77,-3.66,-45.18,9.47
702,2026-04-15T14:11:42Z,38.333762,-89.798783,40.13,190.13,357.69,-2.02,-0.88,-43.82,9.12
703,2026-04-15T14:11:43Z,38.333872,-89.798788,40.71,190.71,357.69,0.62,0.19,-46.08,9.70
704,2026-04-15T14:11:44Z,38.333944,-89.798805,40.23,190.23,357.69,-0.82,-0.80,-46.90,10.20
705,2026-04-15T14:11:45Z,38.334042,-89.798806,39.99,189.99,357.69,-0.74,-1.45,-45.60,10.22
706,2026-04-15T14:11:46Z,38.334124,-89.798807,39.70,189.70,357.69,-1.99,-0.61,-46.75,9.82
707,2026-04-15T14:11:47Z,38.334211,-89.798808,40.09,190.09,357.69,-0.34,1.35,-46.18,9.94
708,2026-04-15T14:11:48Z,38.334311,-89.798827,40.14,190.14,357.69,-0.81,0.47,-45.65,9.94
709,2026-04-15T14:11:49Z,38.334386,-89.798829,39.37,189.37,357.69,-0.91,-1.90,-44.64,10.06
710,2026-04-15T14:11:50Z,38.334490,-89.798830,39.85,189.85,357.69,-0.41,0.39,-46.13,10.37
711,2026-04-15T14:11:51Z,38.334582,-89.798834,40.26,190.26,357.69,-1.13,-1.80,-45.21,9.89
712,2026-04-15T14:11:52Z,38.334662,-89.798852,40.63,190.63,357.69,-3.05,-3.21,-46.52,10.41
713,2026-04-15T14:11:53Z,38.334758,-89.798811,39.41,189.41,357.69,2.00,-0.74,-43.88,9.87
714,2026-04-15T14:11:54Z,38.334855,-89.798847,40.44,190.44,357.69,-2.10,-0.26,-45.63,10.37
715,2026-04-15T14:11:55Z,38.334936,-89.798865,39.50,189.50,357.69,-0.01,2.08,-44.79,10.02
716,2026-04-15T14:11:56Z,38.335039,-89.798841,40.57,190.57,357.69,-1.16,0.70,-46.32,8.59
717,2026-04-15T14:11:57Z,38.335111,-89.798853,40.02,190.02,357.69,2.60,-0.63,-43.89,9.86
718,2026-04-15T14:11:58Z,38.335205,-89.798864,39.82,189.82,357.69,-0.33,-2.05,-44.39,9.66
719,2026-04-15T14:11:59Z,38.335297,-89.798875,40.40,190.40,357.69,-2.95,0.63,-46.38,9.58
720,2026-04-15T14:12:00Z,38.335373,-89.798872,40.48,190.48,357.69,-1.34,2.26,-46.41,9.69
721,2026-04-15T14:12:01Z,38.335483,-89.798874,39.64,189.64,357.69,-1.29,-1.00,-45.15,9.95
722,2026-04-15T14:12:02Z,38.335559,-89.798902,40.36,190.36,357.69,1.19,-0.23,-42.19,9.76
723,2026-04-15T14:12:03Z,38.335660,-89.798903,39.31,189.31,357.69,-0.64,-2.48,-46.13,9.64
724,2026-04-15T14:12:04Z,38.335745,-89.798911,39.95,189.95,357.69,-1.51,0.91,-44.91,10.09
725,2026-04-15T14:12:05Z,38.335844,-89.798890,39.89,189.89,357.69,0.69,0.57,-46.69,9.94
726,2026-04-15T14:12:06Z,38.335933,-89.798908,40.57,190.57,357.69,-0.97,-0.00,-43.56,10.07
727,2026-04-15T14:12:07Z,38.336008,-89.798926,39.87,189.87,357.69,2.38,1.55,-47.12,10.50
728,2026-04-15T14:12:08Z,38.336102,-89.798917,39.91,189.91,357.69,-0.41,-1.78,-42.68,9.56
729,2026-04-15T14:12:09Z,38.336195,-89.798922,39.38,189.38,357.69,0.88,1.74,-44.65,10.38
730,2026-04-15T14:12:10Z,38.336280,-89.798929,39.62,189.62,357.69,1.03,-0.83,-44.72,9.84
731,2026-04-15T14:12:11Z,38.336381,-89.798930,40.49,190.49,357.69,0.57,-0.04,-44.83,10.17
732,2026-04-15T14:12:12Z,38.336456,-89.798939,40.13,190.13,357.69,-0.35,0.75,-45.23,10.36
733,2026-04-15T14:12:13Z,38.336547,-89.798934,40.19,190.19,357.69,-0.89,-0.74,-44.82,9.72
734,2026-04-15T14:12:14Z,38.336630,-89.798936,40.13,190.13,357.69,-0.84,0.42,-46.10,10.08
735,2026-04-15T14:12:15Z,38.336726,-89.798934,39.34,189.34,357.69,-0.87,0.97,-46.44,9.74
736,2026-04-15T14:12:16Z,38.336818,-89.798960,40.83,190.83,357.69,-0.78,0.17,-44.14,9.89
737,2026-04-15T14:12:17Z,38.336894,-89.798965,40.11,190.11,357.69,-2.16,-1.06,-44.84,9.75
738,2026-04-15T14:12:18Z,38.337006,-89.798935,39.18,189.18,357.69,-1.81,1.46,-45.90,9.41
739,2026-04-15T14:12:19Z,38.337079,-89.798953,39.63,189.63,357.69,0.32,-0.99,-44.11,10.45
740,2026-04-15T14:12:20Z,38.337190,-89.798949,39.79,189.79,357.69,2.21,1.67,-44.74,9.87
741,2026-04-15T14:12:21Z,38.337265,-89.798983,39.28,189.28,357.69,-0.31,-1.79,-44.28,9.60
742,2026-04-15T14:12:22Z,38.337339,-89.798985,39.66,189.66,357.69,0.78,-1.85,-44.77,10.24
743,2026-04-15T14:12:23Z,38.337443,-89.798977,39.39,189.39,357.69,2.20,3.06,-43.91,10.05
744,2026-04-15T14:12:24Z,38.337533,-89.798991,39.53,189.53,357.69,-2.62,-0.95,-43.88,9.76
745,2026-04-15T14:12:25Z,38.337652,-89.798985,40.10,190.10,357.69,-2.37,-1.27,-44.19,10.27
746,2026-04-15T14:12:26Z,38.337720,-89.798998,40.43,190.43,357.69,1.75,-1.22,-44.44,9.24
747,2026-04-15T14:12:27Z,38.337812,-89.798990,40.50,190.50,357.69,1.26,0.76,-43.57,9.60
748,2026-04-15T14:12:28Z,38.337897,-89.798990,40.36,190.36,357.69,1.50,-0.56,-44.09,9.82
749,2026-04-15T14:12:29Z,38.337990,-89.799007,40.03,190.03,357.69,-0.13,0.87,-44.40,10.41
750,2026-04-15T14:12:30Z,38.338073,-89.799002,40.74,190.74,357.69,0.61,-1.28,-43.71,10.20
751,2026-04-15T14:12:31Z,38.338157,-89.799016,40.77,190.77,357.69,0.81,-1.09,-44.34,9.72
752,2026-04-15T14:12:32Z,38.338248,-89.799027,39.68,189.68,357.69,-2.55,2.26,-44.69,10.04
753,2026-04-15T14:12:33Z,38.338346,-89.799009,39.99,189.99,357.69,0.43,2.39,-44.84,10.10
754,2026-04-15T14:12:34Z,38.338431,-89.799030,40.21,190.21,357.69,-0.97,-1.21,-46.70,9.99
755,2026-04-15T14:12:35Z,38.338535,-89.799045,39.68,189.68,357.69,1.62,-1.55,-45.35,10.20
756,2026-04-15T14:12:36Z,38.338617,-89.799035,39.48,189.48,357.69,0.63,-0.90,-46.03,9.68
757,2026-04-15T14:12:37Z,38.338710,-89.799055,39.86,189.86,357.69,-0.27,-0.21,-45.47,10.51
758,2026-04-15T14:12:38Z,38.338786,-89.799048,40.51,190.51,357.69,4.28,-0.44,-44.80,10.51
759,2026-04-15T14:12:39Z,38.338880,-89.799033,40.50,190.50,357.69,0.89,-0.20,-47.54,10.38
760,2026-04-15T14:12:40Z,38.338991,-89.799051,40.13,190.13,357.69,1.30,0.45,-44.80,9.67
761,2026-04-15T14:12:41Z,38.339060,-89.799076,39.96,189.96,357.69,-1.56,2.60,-45.44,9.96
762,2026-04-15T14:12:42Z,38.339159,-89.799065,40.74,190.74,357.69,-0.28,-1.91,-43.95,9.69
763,2026-04-15T14:12:43Z,38.339253,-89.799071,40.14,190.14,357.69,-0.17,-0.88,-45.58,10.73
764,2026-04-15T14:12:44Z,38.339348,-89.799071,40.24,190.24,357.69,0.82,0.90,-44.89,9.74
765,2026-04-15T14:12:45Z,38.339428,-89.799076,40.20,190.20,357.69,-0.47,-2.57,-44.40,9.81
766,2026-04-15T14:12:46Z,38.339518,-89.799069,39.11,189.11,357.69,0.89,-1.05,-44.52,10.07
767,2026-04-15T14:12:47Z,38.339611,-89.799085,39.88,189.88,357.69,0.12,0.14,-45.73,8.73
768,2026-04-15T14:12:48Z,38.339687,-89.799090,40.20,190.20,357.69,-1.21,1.78,-44.98,10.63
769,2026-04-15T14:12:49Z,38.339784,-89.799095,40.44,190.44,357.69,2.36,0.03,-46.23,9.79
770,2026-04-15T14:12:50Z,38.339868,-89.799093,39.72,189.72,357.69,0.16,-0.17,-44.02,10.04
771,2026-04-15T14:12:51Z,38.339964,-89.799122,38.85,188.85,357.69,-0.40,1.86,-45.70,9.95
772,2026-04-15T14:12:52Z,38.340067,-89.799117,40.86,190.86,357.69,-0.60,1.02,-43.81,9.61
773,2026-04-15T14:12:53Z,38.340155,-89.799134,40.54,190.54,357.69,-2.44,-0.84,-45.35,10.00
774,2026-04-15T14:12:54Z,38.340231,-89.799108,40.27,190.27,357.69,-1.32,-2.51,-44.55,10.46
775,2026-04-15T14:12:55Z,38.340328,-89.799118,40.33,190.33,357.69,1.20,0.12,-44.79,10.06
776,2026-04-15T14:12:56Z,38.340435,-89.799118,39.47,189.47,357.69,2.04,-0.65,-45.13,9.37
777,2026-04-15T14:12:57Z,38.340503,-89.799133,39.79,189.79,357.69,-2.68,-3.59,-46.05,9.52
778,2026-04-15T14:12:58Z,38.340608,-89.799153,39.99,189.99,357.69,1.97,-0.84,-44.29,10.45
779,2026-04-15T14:12:59Z,38.340684,-89.799169,40.48,190.48,357.69,-1.32,0.31,-44.67,10.04
780,2026-04-15T14:13:00Z,38.340778,-89.799162,39.91,189.91,357.69,1.13,-0.32,-46.08,10.12
781,2026-04-15T14:13:01Z,38.340871,-89.799142,39.70,189.70,357.69,1.57,1.59,-43.66,10.20
782,2026-04-15T14:13:02Z,38.340959,-89.799144,40.68,190.68,357.69,0.47,0.35,-45.68,9.67
783,2026-04-15T14:13:03Z,38.341044,-89.799188,40.36,190.36,357.69,1.73,2.02,-45.60,10.34
784,2026-04-15T14:13:04Z,38.341135,-89.799152,40.54,190.54,357.69,-3.54,-0.34,-46.07,9.70
785,2026-04-15T14:13:05Z,38.341227,-89.799163,39.28,189.28,357.69,-1.82,3.72,-44.95,10.11
786,2026-04-15T14:13:06Z,38.341320,-89.799191,38.93,188.93,357.69,-1.44,1.76,-46.15,9.62
787,2026-04-15T14:13:07Z,38.341413,-89.799179,39.94,189.94,357.69,-0.82,1.46,-44.46,9.01
788,2026-04-15T14:13:08Z,38.341497,-89.799204,40.06,190.06,354.48,-0.73,0.65,-45.71,10.10
789,2026-04-15T14:13:09Z,38.341566,-89.799206,39.65,189.65,332.36,1.08,-0.08,-45.55,10.49
790,2026-04-15T14:13:10Z,38.341669,-89.799235,39.52,189.52,332.36,1.73,0.72,-45.44,9.74
791,2026-04-15T14:13:11Z,38.341754,-89.799299,39.53,189.53,332.36,-0.01,2.48,-44.39,10.11
792,2026-04-15T14:13:12Z,38.341828,-89.799357,40.26,190.26,332.36,-2.18,0.58,-44.60,9.44
793,2026-04-15T14:13:13Z,38.341899,-89.799435,39.46,189.46,332.36,0.19,-0.96,-45.93,10.22
794,2026-04-15T14:13:14Z,38.341985,-89.799467,39.92,189.92,332.36,0.23,0.42,-45.63,9.80
795,2026-04-15T14:13:15Z,38.342077,-89.799525,40.08,190.08,332.36,-1.50,1.38,-44.27,9.38
796,2026-04-15T14:13:16Z,38.342144,-89.799579,40.18,190.18,332.36,1.61,-3.94,-45.39,9.60
797,2026-04-15T14:13:17Z,38.342215,-89.799610,39.90,189.90,323.71,2.17,0.68,-46.64,10.49
798,2026-04-15T14:13:18Z,38.342286,-89.799696,40.20,190.20,306.02,-1.99,1.18,-46.01,10.15
799,2026-04-15T14:13:19Z,38.342342,-89.799781,39.94,189.94,306.02,1.71,-1.98,-46.13,10.63
800,2026-04-15T14:13:20Z,38.342409,-89.799875,40.31,190.31,306.02,1.85,1.16,-44.21,10.01
801,2026-04-15T14:13:21Z,38.342445,-89.799962,39.19,189.19,306.02,-0.95,-1.17,-45.94,9.90
802,2026-04-15T14:13:22Z,38.342486,-89.800047,39.89,189.89,306.02,0.75,1.60,-43.66,9.93
803,2026-04-15T14:13:23Z,38.342553,-89.800152,39.55,189.55,306.02,0.03,1.36,-44.17,10.29
804,2026-04-15T14:13:24Z,38.342617,-89.800241,40.04,190.04,306.02,0.49,2.53,-45.43,9.50
805,2026-04-15T14:13:25Z,38.342657,-89.800333,40.84,190.84,306.02,-3.62,-0.92,-44.90,9.58
806,2026-04-15T14:13:26Z,38.342714,-89.800436,39.75,189.75,306.02,-1.24,0.54,-44.43,9.74
807,2026-04-15T14:13:27Z,38.342754,-89.800507,40.22,190.22,306.02,-0.42,0.38,-46.12,10.22
808,2026-04-15T14:13:28Z,38.342836,-89.800602,39.88,189.88,306.02,-0.46,0.89,-45.39,9.47
809,2026-04-15T14:13:29Z,38.342867,-89.800709,39.56,189.56,306.02,1.42,1.00,-45.71,10.53
810,2026-04-15T14:13:30Z,38.342929,-89.800791,38.95,188.95,306.02,2.11,2.72,-45.95,10.08
811,2026-04-15T14:13:31Z,38.342982,-89.800884,40.60,190.60,306.02,-3.01,0.23,-44.50,9.26
812,2026-04-15T14:13:32Z,38.343032,-89.800993,40.64,190.64,306.02,-0.89,0.24,-46.16,10.59
813,2026-04-15T14:13:33Z,38.343101,-89.801098,39.46,189.46,306.02,-1.57,1.92,-42.68,9.64
814,2026-04-15T14:13:34Z,38.343141,-89.801178,40.36,190.36,306.02,2.01,-0.05,-44.58,9.64
815,2026-04-15T14:13:35Z,38.343185,-89.801270,39.19,189.19,306.02,1.34,-2.78,-46.01,10.01
816,2026-04-15T14:13:36Z,38.343240,-89.801364,39.95,189.95,306.02,0.43,-0.05,-46.68,9.98
817,2026-04-15T14:13:37Z,38.343300,-89.801439,40.13,190.13,306.02,0.35,0.71,-45.99,9.29
818,2026-04-15T14:13:38Z,38.343351,-89.801531,40.81,190.81,306.02,0.76,-0.25,-45.41,10.05
819,2026-04-15T14:13:39Z,38.343415,-89.801627,40.31,190.31,306.02,2.20,1.56,-46.29,9.79
820,2026-04-15T14:13:40Z,38.343466,-89.801729,40.14,190.14,306.02,-2.19,1.48,-45.77,9.19
821,2026-04-15T14:13:41Z,38.343516,-89.801839,39.26,189.26,306.02,1.36,-0.19,-44.78,10.76
822,2026-04-15T14:13:42Z,38.343555,-89.801913,40.59,190.59,306.02,0.73,-2.54,-43.20,9.83
823,2026-04-15T14:13:43Z,38.343624,-89.802010,39.83,189.83,306.02,-0.76,0.55,-45.31,10.56
824,2026-04-15T14:13:44Z,38.343659,-89.802090,39.79,189.79,306.02,-0.52,-0.20,-45.17,10.19
825,2026-04-15T14:13:45Z,38.343714,-89.802186,39.96,189.96,306.02,1.12,1.83,-45.49,10.35
826,2026-04-15T14:13:46Z,38.343779,-89.802290,39.99,189.99,306.02,-0.71,0.95,-45.34,9.71
827,2026-04-15T14:13:47Z,38.343820,-89.802371,40.18,190.18,306.02,0.16,1.69,-43.90,9.51
828,2026-04-15T14:13:48Z,38.343874,-89.802486,39.82,189.82,306.02,1.12,-3.44,-44.14,10.54
829,2026-04-15T14:13:49Z,38.343912,-89.802544,40.42,190.42,306.02,0.16,0.99,-45.49,9.84
830,2026-04-15T14:13:50Z,38.343989,-89.802660,39.87,189.87,306.02,-3.06,0.07,-46.39,10.61
831,2026-04-15T14:13:51Z,38.344036,-89.802759,41.27,191.27,306.02,-0.21,-0.93,-44.11,9.79
832,2026-04-15T14:13:52Z,38.344086,-89.802852,40.94,190.94,306.02,0.40,3.62,-45.63,10.31
833,2026-04-15T14:13:53Z,38.344136,-89.802946,40.60,190.60,306.02,1.79,-0.94,-46.81,9.75
834,2026-04-15T14:13:54Z,38.344189,-89.803026,40.60,190.60,306.02,0.55,1.03,-47.64,10.52
835,2026-04-15T14:13:55Z,38.344251,-89.803122,39.85,189.85,306.02,1.32,1.71,-43.04,9.73
836,2026-04-15T14:13:56Z,38.344300,-89.803224,40.94,190.94,306.02,-0.78,-2.08,-44.58,9.87
837,2026-04-15T14:13:57Z,38.344360,-89.803298,40.11,190.11,306.02,0.83,0.77,-43.82,10.22
838,2026-04-15T14:13:58Z,38.344415,-89.803398,39.73,189.73,306.02,-0.87,-0.22,-45.72,10.32
839,2026-04-15T14:13:59Z,38.344480,-89.803504,40.33,190.33,306.02,1.31,-0.06,-44.92,10.27
840,2026-04-15T14:14:00Z,38.344512,-89.803617,39.62,189.62,306.02,-1.22,0.20,-42.36,10.55
841,2026-04-15T14:14:01Z,38.344558,-89.803685,39.87,189.87,306.02,-1.30,-2.14,-44.46,9.20
842,2026-04-15T14:14:02Z,38.344617,-89.803796,40.41,190.41,306.02,-0.54,1.42,-44.41,10.39
843,2026-04-15T14:14:03Z,38.344664,-89.803861,40.09,190.09,306.01,-1.54,0.61,-42.69,9.67
844,2026-04-15T14:14:04Z,38.344725,-89.803955,39.47,189.47,306.01,-0.30,-0.57,-45.66,9.90
845,2026-04-15T14:14:05Z,38.344777,-89.804056,40.62,190.62,306.01,-1.14,-0.55,-44.57,10.82
846,2026-04-15T14:14:06Z,38.344836,-89.804151,39.71,189.71,306.01,-2.46,3.32,-44.70,10.23
847,2026-04-15T14:14:07Z,38.344881,-89.804237,39.46,189.46,306.01,-0.13,-0.65,-43.24,10.72
848,2026-04-15T14:14:08Z,38.344946,-89.804330,40.22,190.22,306.01,-0.54,-0.33,-44.70,9.87
849,2026-04-15T14:14:09Z,38.344999,-89.804398,38.91,188.91,306.01,1.54,0.02,-45.43,10.93
850,2026-04-15T14:14:10Z,38.345026,-89.804500,39.45,189.45,306.01,-0.62,-2.44,-44.58,10.26
851,2026-04-15T14:14:11Z,38.345100,-89.804617,40.43,190.43,306.01,0.74,0.65,-45.73,10.72
852,2026-04-15T14:14:12Z,38.345139,-89.804704,40.03,190.03,306.01,-0.30,3.74,-44.43,10.00
853,2026-04-15T14:14:13Z,38.345192,-89.804806,39.13,189.13,306.01,0.87,-0.43,-45.69,9.60
854,2026-04-15T14:14:14Z,38.345259,-89.804878,40.19,190.19,306.01,-0.06,-1.98,-46.85,9.99
855,2026-04-15T14:14:15Z,38.345299,-89.804986,39.59,189.59,306.01,-0.71,-1.96,-45.10,9.93
856,2026-04-15T14:14:16Z,38.345363,-89.805076,40.41,190.41,306.01,0.58,-0.56,-44.59,10.13
857,2026-04-15T14:14:17Z,38.345419,-89.805185,40.53,190.53,306.01,0.98,-3.46,-45.43,9.80
858,2026-04-15T14:14:18Z,38.345450,-89.805257,40.09,190.09,306.01,0.03,-1.88,-43.70,10.16
859,2026-04-15T14:14:19Z,38.345506,-89.805352,39.61,189.61,306.01,-2.10,1.63,-44.25,9.76
860,2026-04-15T14:14:20Z,38.345572,-89.805443,39.52,189.52,306.01,-1.36,0.13,-44.61,9.96
861,2026-04-15T14:14:21Z,38.345622,-89.805529,40.29,190.29,306.01,2.96,-2.14,-46.23,10.32
862,2026-04-15T14:14:22Z,38.345666,-89.805629,39.20,189.20,306.01,1.26,1.09,-43.36,9.79
863,2026-04-15T14:14:23Z,38.345737,-89.805708,39.74,189.74,306.01,1.32,1.29,-46.92,9.86
864,2026-04-15T14:14:24Z,38.345770,-89.805823,39.57,189.57,306.01,2.71,0.49,-44.66,10.53
865,2026-04-15T14:14:25Z,38.345853,-89.805900,40.28,190.28,306.01,0.56,2.02,-44.27,10.15
866,2026-04-15T14:14:26Z,38.345889,-89.806002,40.13,190.13,306.01,0.69,0.19,-44.68,9.33
867,2026-04-15T14:14:27Z,38.345931,-89.806085,40.09,190.09,306.01,0.56,-1.24,-46.46,10.00
868,2026-04-15T14:14:28Z,38.345998,-89.806208,40.30,190.30,306.01,0.56,1.28,-43.37,10.83
869,2026-04-15T14:14:29Z,38.346056,-89.806250,39.56,189.56,306.01,0.72,-2.42,-45.01,9.86
870,2026-04-15T14:14:30Z,38.346100,-89.806354,40.53,190.53,306.01,1.05,0.09,-44.71,10.31
871,2026-04-15T14:14:31Z,38.346160,-89.806450,39.64,189.64,306.01,-0.11,0.40,-43.85,10.18
872,2026-04-15T14:14:32Z,38.346203,-89.806565,39.54,189.54,306.01,0.91,-0.25,-45.60,9.77
873,2026-04-15T14:14:33Z,38.346265,-89.806645,40.35,190.35,306.01,2.82,0.52,-44.66,10.88
874,2026-04-15T14:14:34Z,38.346321,-89.806725,39.82,189.82,306.01,1.29,0.34,-44.39,9.51
875,2026-04-15T14:14:35Z,38.346369,-89.806840,39.74,189.74,306.01,-0.24,-1.17,-45.28,10.43
876,2026-04-15T14:14:36Z,38.346421,-89.806931,40.87,190.87,306.01,-2.24,0.34,-43.43,10.32
877,2026-04-15T14:14:37Z,38.346500,-89.807023,40.01,190.01,306.01,0.83,0.72,-44.72,9.46
878,2026-04-15T14:14:38Z,38.346513,-89.807102,40.91,190.91,306.01,0.54,-0.08,-44.10,10.54
879,2026-04-15T14:14:39Z,38.346575,-89.807232,39.14,189.14,306.01,2.00,-0.19,-45.80,10.55
880,2026-04-15T14:14:40Z,38.346626,-89.807311,39.87,189.87,306.01,-0.94,-1.19,-46.34,10.70
881,2026-04-15T14:14:41Z,38.346683,-89.807400,40.33,190.33,306.01,2.52,0.89,-44.52,9.88
882,2026-04-15T14:14:42Z,38.346722,-89.807481,40.15,190.15,306.01,0.53,0.18,-46.17,10.14
883,2026-04-15T14:14:43Z,38.346766,-89.807587,40.51,190.51,306.01,1.71,0.49,-44.77,10.32
884,2026-04-15T14:14:44Z,38.346840,-89.807687,40.09,190.09,306.01,-0.91,-1.48,-45.07,9.74
885,2026-04-15T14:14:45Z,38.346901,-89.807751,39.51,189.51,306.01,-0.11,-3.02,-44.06,10.10
886,2026-04-15T14:14:46Z,38.346940,-89.807846,39.60,189.60,306.01,1.87,0.39,-44.46,10.31
887,2026-04-15T14:14:47Z,38.346993,-89.807949,39.44,189.44,306.01,1.78,-0.72,-44.96,10.42
888,2026-04-15T14:14:48Z,38.347046,-89.808053,39.74,189.74,306.01,-2.91,0.44,-46.00,9.52
889,2026-04-15T14:14:49Z,38.347104,-89.808161,40.04,190.04,306.01,-0.94,1.31,-45.12,9.72
890,2026-04-15T14:14:50Z,38.347160,-89.808223,40.24,190.24,306.01,-0.02,-0.35,-44.29,9.68
891,2026-04-15T14:14:51Z,38.347205,-89.808308,40.26,190.26,306.01,1.09,-0.60,-45.64,9.77
892,2026-04-15T14:14:52Z,38.347256,-89.808421,40.16,190.16,306.01,-0.46,1.28,-44.12,9.92
893,2026-04-15T14:14:53Z,38.347317,-89.808524,40.24,190.24,306.01,-1.34,-0.24,-43.47,9.22
894,2026-04-15T14:14:54Z,38.347347,-89.808612,39.64,189.64,306.01,-2.45,-1.20,-43.79,10.28
895,2026-04-15T14:14:55Z,38.347430,-89.808694,40.51,190.51,306.01,-1.36,-1.07,-45.63,10.03
896,2026-04-15T14:14:56Z,38.347465,-89.808775,40.50,190.50,306.01,1.00,-1.57,-45.07,9.42
897,2026-04-15T14:14:57Z,38.347530,-89.808861,39.99,189.99,306.01,2.44,2.42,-43.95,10.10
898,2026-04-15T14:14:58Z,38.347587,-89.808960,40.82,190.82,306.01,-1.02,0.16,-44.59,10.29
899,2026-04-15T14:14:59Z,38.347621,-89.809065,40.86,190.86,306.01,0.76,0.47,-44.03,9.55
900,2026-04-15T14:15:00Z,38.347679,-89.809160,40.03,190.03,306.01,2.32,0.27,-44.15,9.75
901,2026-04-15T14:15:01Z,38.347730,-89.809237,41.24,191.24,306.01,-1.68,1.71,-45.47,9.98
902,2026-04-15T14:15:02Z,38.347780,-89.809350,39.41,189.41,306.01,-1.27,-1.30,-45.37,10.21
903,2026-04-15T14:15:03Z,38.347849,-89.809419,40.62,190.62,306.01,1.52,-1.18,-43.29,9.87
904,2026-04-15T14:15:04Z,38.347903,-89.809519,39.21,189.21,306.01,-0.70,-0.92,-45.82,10.39
905,2026-04-15T14:15:05Z,38.347945,-89.809609,40.21,190.21,306.01,2.81,-1.87,-44.71,10.02
906,2026-04-15T14:15:06Z,38.347992,-89.809701,40.29,190.29,306.01,0.76,0.88,-44.52,10.05
907,2026-04-15T14:15:07Z,38.348044,-89.809791,40.87,190.87,306.01,-0.39,2.95,-44.75,10.45
908,2026-04-15T14:15:08Z,38.348120,-89.809885,40.72,190.72,306.01,-1.19,0.79,-45.24,9.36
909,2026-04-15T14:15:09Z,38.348159,-89.809969,39.72,189.72,306.01,0.56,-0.34,-47.31,10.12
910,2026-04-15T14:15:10Z,38.348198,-89.810082,41.10,191.10,306.01,-0.04,3.12,-44.96,9.71
911,2026-04-15T14:15:11Z,38.348272,-89.810168,39.58,189.58,306.01,-0.75,-0.01,-45.73,9.66
912,2026-04-15T14:15:12Z,38.348316,-89.810261,40.60,190.60,306.01,-1.07,0.43,-45.98,10.94
913,2026-04-15T14:15:13Z,38.348368,-89.810377,40.86,190.86,306.01,1.44,-1.58,-47.34,9.83
914,2026-04-15T14:15:14Z,38.348442,-89.810468,39.48,189.48,306.01,0.13,-0.28,-43.67,10.48
915,2026-04-15T14:15:15Z,38.348477,-89.810533,39.38,189.38,306.01,-0.83,0.27,-45.72,10.57
916,2026-04-15T14:15:16Z,38.348525,-89.810639,40.46,190.46,306.01,0.29,-0.71,-43.68,9.90
917,2026-04-15T14:15:17Z,38.348572,-89.810747,40.71,190.71,306.01,2.58,-0.02,-44.57,9.14
918,2026-04-15T14:15:18Z,38.348641,-89.810828,40.26,190.26,306.01,1.83,-1.07,-43.76,10.81
919,2026-04-15T14:15:19Z,38.348680,-89.810916,40.07,190.07,306.01,-2.08,1.58,-45.41,10.50
920,2026-04-15T14:15:20Z,38.348729,-89.810995,39.79,189.79,306.01,1.20,-2.53,-45.38,9.20
921,2026-04-15T14:15:21Z,38.348786,-89.811108,40.54,190.54,306.01,-2.26,-0.34,-44.93,10.25
922,2026-04-15T14:15:22Z,38.348862,-89.811187,39.39,189.39,306.01,1.00,1.15,-45.60,9.48
923,2026-04-15T14:15:23Z,38.348897,-89.811279,40.14,190.14,306.01,-0.41,1.24,-46.48,8.95
924,2026-04-15T14:15:24Z,38.348963,-89.811392,40.12,190.12,306.01,-2.42,0.33,-45.10,9.66
925,2026-04-15T14:15:25Z,38.349022,-89.811461,39.21,189.21,306.01,1.47,1.27,-43.14,10.13
926,2026-04-15T14:15:26Z,38.349078,-89.811571,40.19,190.19,306.01,1.92,-1.01,-46.52,10.96
927,2026-04-15T14:15:27Z,38.349100,-89.811648,39.95,189.95,306.01,-0.87,-1.29,-44.38,9.93
928,2026-04-15T14:15:28Z,38.349166,-89.811744,39.18,189.18,306.01,1.77,1.61,-47.06,10.72
929,2026-04-15T14:15:29Z,38.349228,-89.811858,40.21,190.21,306.01,1.61,1.09,-43.15,10.47
930,2026-04-15T14:15:30Z,38.349274,-89.811943,39.74,189.74,306.01,1.26,-1.59,-44.18,10.01
931,2026-04-15T14:15:31Z,38.349325,-89.812032,39.53,189.53,306.01,0.46,-0.29,-44.25,9.81
932,2026-04-15T14:15:32Z,38.349364,-89.812136,39.48,189.48,306.01,-0.21,0.06,-44.41,10.44
933,2026-04-15T14:15:33Z,38.349437,-89.812218,39.29,189.29,306.01,-2.29,-0.10,-45.77,9.86
934,2026-04-15T14:15:34Z,38.349487,-89.812303,39.82,189.82,306.01,4.26,-2.77,-42.57,10.25
935,2026-04-15T14:15:35Z,38.349528,-89.812413,39.52,189.52,306.01,0.32,-0.93,-45.58,10.29
936,2026-04-15T14:15:36Z,38.349583,-89.812484,40.63,190.63,306.01,-1.02,-0.56,-47.31,9.90
937,2026-04-15T14:15:37Z,38.349642,-89.812579,39.82,189.82,306.01,1.68,0.47,-44.61,9.80
938,2026-04-15T14:15:38Z,38.349700,-89.812674,40.66,190.66,306.01,-0.05,-3.42,-45.42,9.45
939,2026-04-15T14:15:39Z,38.349766,-89.812784,39.45,189.45,306.01,1.29,1.02,-45.54,9.97
940,2026-04-15T14:15:40Z,38.349816,-89.812862,40.57,190.57,306.01,-1.47,-2.24,-44.46,10.64
941,2026-04-15T14:15:41Z,38.349856,-89.812954,40.13,190.13,306.01,2.34,-4.52,-43.73,9.96
942,2026-04-15T14:15:42Z,38.349909,-89.813049,39.51,189.51,306.01,-1.74,0.16,-43.86,10.49
943,2026-04-15T14:15:43Z,38.349945,-89.813136,40.16,190.16,306.01,-0.70,0.88,-43.96,10.17
944,2026-04-15T14:15:44Z,38.350010,-89.813209,39.43,189.43,306.01,1.80,-0.33,-45.94,9.73
945,2026-04-15T14:15:45Z,38.350062,-89.813308,40.40,190.40,306.01,-2.81,2.24,-44.75,9.63
946,2026-04-15T14:15:46Z,38.350115,-89.813429,38.96,188.96,306.01,0.45,-0.74,-43.35,9.47
947,2026-04-15T14:15:47Z,38.350180,-89.813518,39.54,189.54,306.01,-0.56,3.97,-44.90,10.52
948,2026-04-15T14:15:48Z,38.350212,-89.813627,39.63,189.63,306.01,-0.37,-3.75,-45.63,10.58
949,2026-04-15T14:15:49Z,38.350274,-89.813681,40.22,190.22,306.01,0.45,3.34,-43.94,9.94
950,2026-04-15T14:15:50Z,38.350323,-89.813781,40.57,190.57,306.01,0.43,-0.48,-44.64,10.93
951,2026-04-15T14:15:51Z,38.350378,-89.813880,39.60,189.60,306.01,-2.19,1.27,-44.20,10.01
952,2026-04-15T14:15:52Z,38.350421,-89.813966,39.72,189.72,306.01,1.51,1.63,-44.41,10.57
953,2026-04-15T14:15:53Z,38.350479,-89.814091,40.07,190.07,306.01,0.28,-2.23,-44.22,9.49
954,2026-04-15T14:15:54Z,38.350546,-89.814175,39.52,189.52,306.01,1.33,0.34,-45.69,10.17
955,2026-04-15T14:15:55Z,38.350596,-89.814256,39.73,189.73,306.01,0.06,-1.23,-45.13,9.44
956,2026-04-15T14:15:56Z,38.350629,-89.814336,39.72,189.72,306.01,2.25,2.33,-44.34,10.03
957,2026-04-15T14:15:57Z,38.350691,-89.814440,40.15,190.15,306.01,0.21,1.23,-44.34,10.11
958,2026-04-15T14:15:58Z,38.350764,-89.814522,39.65,189.65,306.01,-0.02,0.62,-45.49,9.87
959,2026-04-15T14:15:59Z,38.350806,-89.814628,39.73,189.73,306.01,1.36,2.66,-43.98,10.17
960,2026-04-15T14:16:00Z,38.350855,-89.814702,39.28,189.28,306.01,-0.84,-0.83,-43.02,10.17
961,2026-04-15T14:16:01Z,38.350908,-89.814807,40.30,190.30,306.01,-2.04,0.49,-45.34,9.99
962,2026-04-15T14:16:02Z,38.350963,-89.814903,40.23,190.23,306.01,-2.28,0.33,-43.24,10.16
963,2026-04-15T14:16:03Z,38.351000,-89.815006,39.66,189.66,306.01,-2.75,-1.44,-43.85,9.21
964,2026-04-15T14:16:04Z,38.351067,-89.815099,39.92,189.92,306.01,0.73,0.06,-42.36,10.20
965,2026-04-15T14:16:05Z,38.351125,-89.815176,39.73,189.73,306.01,-1.75,-1.93,-44.45,9.66
966,2026-04-15T14:16:06Z,38.351177,-89.815281,39.82,189.82,306.01,-0.31,0.05,-44.71,10.42
967,2026-04-15T14:16:07Z,38.351233,-89.815375,38.77,188.77,306.01,0.53,-0.87,-45.34,9.22
968,2026-04-15T14:16:08Z,38.351266,-89.815468,40.06,190.06,306.01,-1.62,-1.73,-43.07,10.02
969,2026-04-15T14:16:09Z,38.351332,-89.815553,39.33,189.33,306.01,-0.42,-1.73,-44.91,9.69
970,2026-04-15T14:16:10Z,38.351377,-89.815653,39.60,189.60,306.01,-2.37,0.18,-46.03,9.34
971,2026-04-15T14:16:11Z,38.351439,-89.815739,40.17,190.17,306.01,-0.97,-1.73,-44.81,10.32
972,2026-04-15T14:16:12Z,38.351501,-89.815834,39.97,189.97,306.01,-0.23,0.95,-45.40,9.92
973,2026-04-15T14:16:13Z,38.351551,-89.815918,41.08,191.08,306.01,1.73,1.20,-46.22,9.71
974,2026-04-15T14:16:14Z,38.351604,-89.816009,39.70,189.70,306.01,1.12,-1.94,-45.17,9.02
975,2026-04-15T14:16:15Z,38.351636,-89.816102,39.08,189.08,306.01,-0.85,-0.01,-46.48,9.77
976,2026-04-15T14:16:16Z,38.351709,-89.816196,39.82,189.82,306.01,-4.13,2.41,-45.23,9.89
977,2026-04-15T14:16:17Z,38.351763,-89.816292,40.03,190.03,306.01,-0.96,1.53,-43.42,10.28
978,2026-04-15T14:16:18Z,38.351812,-89.816389,40.49,190.49,306.01,-0.56,-0.51,-44.87,10.17
979,2026-04-15T14:16:19Z,38.351870,-89.816485,40.40,190.40,306.01,0.89,-0.09,-44.43,10.79
980,2026-04-15T14:16:20Z,38.351912,-89.816585,39.62,189.62,306.01,1.44,-0.72,-46.85,9.45
981,2026-04-15T14:16:21Z,38.351973,-89.816661,40.15,190.15,306.01,-1.68,2.64,-45.60,9.46
982,2026-04-15T14:16:22Z,38.352026,-89.816756,39.31,189.31,306.01,0.74,-0.47,-45.28,9.41
983,2026-04-15T14:16:23Z,38.352084,-89.816869,39.97,189.97,306.01,1.26,-0.41,-44.53,10.47
984,2026-04-15T14:16:24Z,38.352133,-89.816953,39.26,189.26,306.01,0.08,2.73,-45.64,10.35
985,2026-04-15T14:16:25Z,38.352189,-89.817027,40.25,190.25,306.01,-1.42,-0.44,-45.49,10.01
986,2026-04-15T14:16:26Z,38.352233,-89.817141,40.12,190.12,306.01,-1.32,0.80,-46.89,10.71
987,2026-04-15T14:16:27Z,38.352291,-89.817219,39.54,189.54,306.01,0.16,2.71,-44.89,10.22
988,2026-04-15T14:16:28Z,38.352343,-89.817316,39.44,189.44,306.01,0.27,0.46,-44.92,11.04
989,2026-04-15T14:16:29Z,38.352379,-89.817423,39.16,189.16,306.01,0.75,-0.50,-46.43,10.53
990,2026-04-15T14:16:30Z,38.352437,-89.817501,39.38,189.38,306.01,-1.21,-0.42,-45.10,10.35
991,2026-04-15T14:16:31Z,38.352478,-89.817583,40.02,190.02,306.01,-0.59,-0.50,-46.03,9.11
992,2026-04-15T14:16:32Z,38.352554,-89.817672,40.17,190.17,306.01,-1.02,-2.97,-44.80,9.44
993,2026-04-15T14:16:33Z,38.352594,-89.817775,40.40,190.40,306.01,0.31,-0.38,-46.62,10.35
994,2026-04-15T14:16:34Z,38.352676,-89.817846,39.95,189.95,306.01,-1.73,-0.58,-44.97,10.17
995,2026-04-15T14:16:35Z,38.352704,-89.817944,40.16,190.16,306.01,-0.61,0.37,-46.59,9.75
996,2026-04-15T14:16:36Z,38.352766,-89.818057,40.45,190.45,306.01,-0.98,-1.00,-43.61,10.14
997,2026-04-15T14:16:37Z,38.352819,-89.818143,40.30,190.30,306.01,-1.64,2.70,-45.19,9.96
998,2026-04-15T14:16:38Z,38.352879,-89.818243,40.55,190.55,306.01,-1.97,-0.42,-45.48,9.65
999,2026-04-15T14:16:39Z,38.352926,-89.818331,39.23,189.23,306.01,-2.10,-1.12,-45.09,9.70
1000,2026-04-15T14:16:40Z,38.352968,-89.818414,40.21,190.21,306.01,1.93,1.37,-44.80,9.66
1001,2026-04-15T14:16:41Z,38.353023,-89.818498,40.40,190.40,306.01,0.24,-1.25,-44.11,9.57
1002,2026-04-15T14:16:42Z,38.353070,-89.818620,39.69,189.69,306.01,-1.57,0.01,-47.15,10.19
1003,2026-04-15T14:16:43Z,38.353140,-89.818737,40.09,190.09,306.01,-0.75,1.65,-43.87,10.10
1004,2026-04-15T14:16:44Z,38.353195,-89.818786,40.16,190.16,306.01,0.40,1.65,-45.05,9.85
1005,2026-04-15T14:16:45Z,38.353216,-89.818911,40.90,190.90,306.01,-0.92,1.42,-44.10,9.67
1006,2026-04-15T14:16:46Z,38.353296,-89.818983,38.94,188.94,306.01,-0.57,1.63,-44.86,10.89
1007,2026-04-15T14:16:47Z,38.353339,-89.819080,39.92,189.92,306.01,-1.94,0.60,-43.19,10.66
1008,2026-04-15T14:16:48Z,38.353392,-89.819169,39.41,189.41,306.01,-1.70,0.97,-46.97,10.66
1009,2026-04-15T14:16:49Z,38.353441,-89.819260,39.44,189.44,306.01,-2.01,0.13,-46.18,9.90
1010,2026-04-15T14:16:50Z,38.353493,-89.819352,39.05,189.05,306.01,-1.22,2.40,-45.53,10.25
1011,2026-04-15T14:16:51Z,38.353547,-89.819447,40.50,190.50,306.01,-0.96,1.89,-46.04,9.03
1012,2026-04-15T14:16:52Z,38.353597,-89.819559,39.83,189.83,306.01,0.67,-2.25,-45.48,9.50
1013,2026-04-15T14:16:53Z,38.353659,-89.819641,39.88,189.88,306.01,-1.33,1.84,-44.58,9.61
1014,2026-04-15T14:16:54Z,38.353717,-89.819714,40.20,190.20,306.01,0.87,-0.37,-43.25,9.88
1015,2026-04-15T14:16:55Z,38.353768,-89.819819,40.78,190.78,306.01,-1.05,0.72,-46.28,10.33
1016,2026-04-15T14:16:56Z,38.353817,-89.819910,40.07,190.07,306.00,-1.43,0.60,-44.44,9.93
1017,2026-04-15T14:16:57Z,38.353866,-89.820005,40.25,190.25,306.00,0.53,0.71,-44.40,10.20
1018,2026-04-15T14:16:58Z,38.353932,-89.820092,39.75,189.75,306.00,-1.00,-0.88,-44.66,10.13
1019,2026-04-15T14:16:59Z,38.353978,-89.820198,40.28,190.28,306.00,0.69,-2.00,-43.68,9.70
1020,2026-04-15T14:17:00Z,38.354035,-89.820278,40.01,190.01,306.00,-2.50,0.11,-45.37,9.47
1021,2026-04-15T14:17:01Z,38.354087,-89.820364,40.21,190.21,306.00,0.95,-0.91,-44.60,9.62
1022,2026-04-15T14:17:02Z,38.354142,-89.820475,40.73,190.73,306.00,0.04,1.91,-44.81,9.86
1023,2026-04-15T14:17:03Z,38.354182,-89.820565,40.12,190.12,306.00,-0.76,1.42,-45.19,9.82
1024,2026-04-15T14:17:04Z,38.354258,-89.820656,39.49,189.49,306.00,1.40,-0.87,-43.88,9.90
1025,2026-04-15T14:17:05Z,38.354295,-89.820742,39.64,189.64,306.00,-0.01,1.57,-45.47,10.01
1026,2026-04-15T14:17:06Z,38.354334,-89.820852,39.66,189.66,306.00,-1.34,-1.47,-45.30,10.25
1027,2026-04-15T14:17:07Z,38.354401,-89.820934,39.36,189.36,306.00,1.43,0.59,-44.62,9.87
1028,2026-04-15T14:17:08Z,38.354447,-89.821029,39.38,189.38,306.00,1.27,-0.35,-45.38,10.23
1029,2026-04-15T14:17:09Z,38.354499,-89.821119,40.83,190.83,306.00,0.33,1.36,-45.10,9.71
1030,2026-04-15T14:17:10Z,38.354548,-89.821207,40.76,190.76,306.00,-0.06,-0.08,-47.13,10.06
1031,2026-04-15T14:17:11Z,38.354615,-89.821309,39.54,189.54,306.00,-1.43,0.15,-46.24,10.49
1032,2026-04-15T14:17:12Z,38.354668,-89.821413,40.11,190.11,306.00,1.10,-1.95,-45.44,10.05
1033,2026-04-15T14:17:13Z,38.354711,-89.821481,39.13,189.13,306.00,0.73,0.26,-46.54,9.84
1034,2026-04-15T14:17:14Z,38.354781,-89.821581,40.50,190.50,306.00,0.05,0.30,-45.44,9.83
1035,2026-04-15T14:17:15Z,38.354844,-89.821678,40.17,190.17,306.00,-0.83,-0.22,-45.72,9.74
1036,2026-04-15T14:17:16Z,38.354868,-89.821767,39.79,189.79,306.00,-0.27,-0.99,-44.38,10.85
1037,2026-04-15T14:17:17Z,38.354945,-89.821879,40.61,190.61,306.00,-0.74,-2.09,-45.47,9.58
1038,2026-04-15T14:17:18Z,38.354970,-89.821960,39.83,189.83,306.00,0.38,0.40,-45.08,9.94
1039,2026-04-15T14:17:19Z,38.355047,-89.822044,40.60,190.60,306.00,-0.96,-2.04,-47.79,10.05
1040,2026-04-15T14:17:20Z,38.355084,-89.822152,39.99,189.99,306.00,-3.39,1.01,-46.51,10.51
1041,2026-04-15T14:17:21Z,38.355124,-89.822206,40.38,190.38,306.00,2.01,-0.34,-43.51,8.81
1042,2026-04-15T14:17:22Z,38.355185,-89.822322,40.06,190.06,306.00,0.19,1.20,-45.96,9.17
1043,2026-04-15T14:17:23Z,38.355251,-89.822409,40.01,190.01,306.00,0.96,2.42,-44.74,10.45
1044,2026-04-15T14:17:24Z,38.355309,-89.822511,40.34,190.34,306.00,0.66,1.11,-45.32,10.14
1045,2026-04-15T14:17:25Z,38.355350,-89.822623,40.11,190.11,306.00,-1.16,-0.58,-44.34,9.53
1046,2026-04-15T14:17:26Z,38.355410,-89.822690,39.91,189.91,306.00,-1.34,2.31,-43.38,10.11
1047,2026-04-15T14:17:27Z,38.355453,-89.822802,39.42,189.42,306.00,-1.40,0.46,-44.82,9.63
1048,2026-04-15T14:17:28Z,38.355519,-89.822879,40.11,190.11,306.00,2.34,2.42,-45.79,9.88
1049,2026-04-15T14:17:29Z,38.355567,-89.822977,39.87,189.87,306.00,-1.72,-0.41,-44.06,9.77
1050,2026-04-15T14:17:30Z,38.355629,-89.823056,40.07,190.07,306.00,-0.12,-0.18,-46.33,10.54
1051,2026-04-15T14:17:31Z,38.355680,-89.823148,39.52,189.52,306.00,2.99,0.34,-46.08,9.50
1052,2026-04-15T14:17:32Z,38.355720,-89.823245,40.54,190.54,306.00,2.41,1.09,-44.55,10.32
1053,2026-04-15T14:17:33Z,38.355786,-89.823350,39.71,189.71,306.00,1.15,-1.05,-44.75,9.44
1054,2026-04-15T14:17:34Z,38.355829,-89.823441,39.80,189.80,306.00,2.43,-0.63,-45.78,10.40
1055,2026-04-15T14:17:35Z,38.355898,-89.823529,39.72,189.72,306.00,1.28,-0.13,-44.91,9.87
1056,2026-04-15T14:17:36Z,38.355922,-89.823632,40.56,190.56,306.00,1.51,-2.55,-45.58,10.17
1057,2026-04-15T14:17:37Z,38.355990,-89.823708,41.04,191.04,306.00,-1.34,-1.14,-46.34,10.08
1058,2026-04-15T14:17:38Z,38.356052,-89.823810,39.68,189.68,306.00,2.02,-0.48,-45.52,10.46
1059,2026-04-15T14:17:39Z,38.356095,-89.823921,40.25,190.25,306.00,0.28,1.07,-44.98,10.27
1060,2026-04-15T14:17:40Z,38.356147,-89.823978,40.06,190.06,306.00,1.29,-0.40,-45.04,10.65
1061,2026-04-15T14:17:41Z,38.356192,-89.824073,41.39,191.39,306.00,0.45,0.73,-44.91,9.90
1062,2026-04-15T14:17:42Z,38.356250,-89.824172,39.27,189.27,306.00,0.35,0.10,-44.80,9.65
1063,2026-04-15T14:17:43Z,38.356309,-89.824259,39.47,189.47,306.00,1.61,0.14,-44.81,9.73
1064,2026-04-15T14:17:44Z,38.356368,-89.824386,40.75,190.75,306.00,-1.91,1.82,-43.20,10.08
1065,2026-04-15T14:17:45Z,38.356423,-89.824461,40.35,190.35,306.00,-2.05,3.84,-45.99,10.21
1066,2026-04-15T14:17:46Z,38.356481,-89.824551,40.13,190.13,306.00,2.10,2.68,-44.82,9.90
1067,2026-04-15T14:17:47Z,38.356510,-89.824652,40.34,190.34,306.00,-2.41,0.02,-44.69,9.11
1068,2026-04-15T14:17:48Z,38.356564,-89.824741,39.14,189.14,306.00,-0.23,0.44,-44.43,9.84
1069,2026-04-15T14:17:49Z,38.356604,-89.824811,38.94,188.94,306.00,-0.68,1.48,-44.45,10.21
1070,2026-04-15T14:17:50Z,38.356672,-89.824926,39.17,189.17,306.00,-1.10,-1.41,-46.12,9.96
1071,2026-04-15T14:17:51Z,38.356727,-89.825020,40.44,190.44,306.00,-2.24,-1.19,-44.97,9.78
1072,2026-04-15T14:17:52Z,38.356763,-89.825092,39.88,189.88,306.00,0.19,0.99,-44.34,9.94
1073,2026-04-15T14:17:53Z,38.356826,-89.825209,40.98,190.98,306.00,-1.52,-1.33,-44.10,9.16
1074,2026-04-15T14:17:54Z,38.356888,-89.825289,39.56,189.56,306.00,-1.45,-0.84,-45.76,10.13
1075,2026-04-15T14:17:55Z,38.356932,-89.825397,40.10,190.10,306.00,-1.23,-0.70,-44.58,10.12
1076,2026-04-15T14:17:56Z,38.356992,-89.825462,39.87,189.87,306.00,0.99,-1.50,-46.09,10.13
1077,2026-04-15T14:17:57Z,38.357032,-89.825567,39.90,189.90,306.00,0.18,0.30,-44.37,10.10
1078,2026-04-15T14:17:58Z,38.357093,-89.825656,40.30,190.30,306.00,-0.36,2.32,-41.41,9.44
1079,2026-04-15T14:17:59Z,38.357149,-89.825757,39.18,189.18,306.00,-0.10,-0.85,-43.23,10.04
1080,2026-04-15T14:18:00Z,38.357205,-89.825861,39.45,189.45,306.00,-0.95,-1.40,-46.69,10.29
1081,2026-04-15T14:18:01Z,38.357254,-89.825936,40.41,190.41,306.00,2.47,-1.78,-44.81,10.10
1082,2026-04-15T14:18:02Z,38.357312,-89.826054,39.90,189.90,306.00,0.34,-1.26,-44.35,9.56
1083,2026-04-15T14:18:03Z,38.357375,-89.826131,39.68,189.68,306.00,0.59,-1.39,-44.07,9.51
1084,2026-04-15T14:18:04Z,38.357429,-89.826201,40.91,190.91,306.00,0.69,-1.18,-46.33,10.04
1085,2026-04-15T14:18:05Z,38.357474,-89.826330,40.50,190.50,306.00,-0.31,2.60,-44.74,9.65
1086,2026-04-15T14:18:06Z,38.357524,-89.826410,40.43,190.43,306.00,-1.40,-1.48,-46.56,9.89
1087,2026-04-15T14:18:07Z,38.357561,-89.826492,39.96,189.96,306.00,1.18,0.27,-44.56,9.62
1088,2026-04-15T14:18:08Z,38.357617,-89.826597,40.17,190.17,306.00,1.51,1.16,-43.50,9.89
1089,2026-04-15T14:18:09Z,38.357681,-89.826692,40.02,190.02,306.00,1.63,-0.23,-44.29,10.93
1090,2026-04-15T14:18:10Z,38.357729,-89.826781,40.57,190.57,306.00,1.40,2.62,-45.50,10.17
1091,2026-04-15T14:18:11Z,38.357787,-89.826859,40.40,190.40,306.00,0.08,2.89,-45.56,9.85
1092,2026-04-15T14:18:12Z,38.357841,-89.826957,39.28,189.28,306.00,-2.02,0.32,-43.77,10.26
1093,2026-04-15T14:18:13Z,38.357885,-89.827073,39.99,189.99,306.00,0.18,0.34,-44.72,9.99
1094,2026-04-15T14:18:14Z,38.357930,-89.827136,38.92,188.92,306.00,1.21,-1.15,-46.45,9.86
1095,2026-04-15T14:18:15Z,38.357989,-89.827247,41.00,191.00,306.00,0.63,-0.30,-45.82,9.40
1096,2026-04-15T14:18:16Z,38.358036,-89.827348,40.17,190.17,306.00,1.97,-1.43,-47.12,10.27
1097,2026-04-15T14:18:17Z,38.358106,-89.827421,40.59,190.59,306.00,2.25,0.20,-42.98,9.24
1098,2026-04-15T14:18:18Z,38.358152,-89.827504,39.71,189.71,306.00,-0.77,-2.27,-44.76,10.86
1099,2026-04-15T14:18:19Z,38.358217,-89.827598,39.97,189.97,306.00,-0.02,2.02,-43.95,10.16
1100,2026-04-15T14:18:20Z,38.358255,-89.827694,39.99,189.99,306.00,-0.57,0.14,-45.57,10.48
1101,2026-04-15T14:18:21Z,38.358299,-89.827812,40.56,190.56,306.00,-1.19,0.74,-44.97,10.25
1102,2026-04-15T14:18:22Z,38.358373,-89.827896,40.00,190.00,306.00,1.72,0.79,-44.88,9.54
1103,2026-04-15T14:18:23Z,38.358440,-89.827970,40.71,190.71,306.00,-0.77,0.69,-44.95,10.13
1104,2026-04-15T14:18:24Z,38.358468,-89.828063,39.84,189.84,306.00,0.19,-2.25,-44.46,10.10
1105,2026-04-15T14:18:25Z,38.358531,-89.828169,40.13,190.13,306.00,-0.93,-0.94,-46.80,9.87
1106,2026-04-15T14:18:26Z,38.358582,-89.828277,39.78,189.78,306.00,-1.00,0.82,-44.91,9.17
1107,2026-04-15T14:18:27Z,38.358630,-89.828352,39.15,189.15,306.00,-0.63,0.05,-44.56,10.35
1108,2026-04-15T14:18:28Z,38.358659,-89.828431,39.83,189.83,306.00,-0.52,-0.92,-43.68,10.22
1109,2026-04-15T14:18:29Z,38.358725,-89.828537,39.73,189.73,306.00,1.35,1.04,-44.44,10.21
1110,2026-04-15T14:18:30Z,38.358783,-89.828636,40.17,190.17,306.00,0.71,-0.28,-44.79,10.48
1111,2026-04-15T14:18:31Z,38.358850,-89.828721,40.45,190.45,306.00,1.36,-0.54,-44.91,9.84
1112,2026-04-15T14:18:32Z,38.358899,-89.828834,39.87,189.87,306.00,0.25,1.25,-47.32,10.11
1113,2026-04-15T14:18:33Z,38.358932,-89.828900,40.37,190.37,306.00,-0.17,1.80,-42.77,10.78
1114,2026-04-15T14:18:34Z,38.358979,-89.829023,39.75,189.75,306.00,2.27,-0.40,-45.70,9.43
1115,2026-04-15T14:18:35Z,38.359064,-89.829090,39.71,189.71,306.00,-1.38,-1.05,-43.82,10.27
1116,2026-04-15T14:18:36Z,38.359098,-89.829196,39.77,189.77,306.00,-3.82,-2.34,-44.85,9.78
1117,2026-04-15T14:18:37Z,38.359171,-89.829275,39.74,189.74,306.00,-2.52,-0.38,-45.24,9.95
1118,2026-04-15T14:18:38Z,38.359206,-89.829369,40.20,190.20,306.00,3.30,0.80,-46.97,10.22
1119,2026-04-15T14:18:39Z,38.359252,-89.829469,39.55,189.55,306.00,2.12,0.12,-46.21,9.90
1120,2026-04-15T14:18:40Z,38.359330,-89.829563,39.97,189.97,306.00,0.77,-1.10,-44.94,10.09
1121,2026-04-15T14:18:41Z,38.359381,-89.829640,39.59,189.59,306.00,2.29,-0.39,-46.34,10.01
1122,2026-04-15T14:18:42Z,38.359417,-89.829740,39.95,189.95,306.00,0.39,-0.42,-44.50,10.02
1123,2026-04-15T14:18:43Z,38.359488,-89.829835,40.26,190.26,306.00,1.10,1.70,-47.02,10.45
1124,2026-04-15T14:18:44Z,38.359529,-89.829928,39.93,189.93,306.00,-0.20,-1.11,-44.66,9.66
1125,2026-04-15T14:18:45Z,38.359587,-89.830028,40.53,190.53,306.00,-0.90,0.12,-45.40,9.79
1126,2026-04-15T14:18:46Z,38.359643,-89.830120,40.27,190.27,306.00,-2.44,-0.08,-44.88,10.38
1127,2026-04-15T14:18:47Z,38.359670,-89.830210,39.90,189.90,306.00,2.00,0.19,-47.25,9.42
1128,2026-04-15T14:18:48Z,38.359736,-89.830307,39.94,189.94,306.00,-1.61,0.37,-45.97,9.69
1129,2026-04-15T14:18:49Z,38.359801,-89.830391,40.12,190.12,306.00,0.17,0.09,-44.85,9.77
1130,2026-04-15T14:18:50Z,38.359831,-89.830489,38.86,188.86,306.00,3.70,-1.46,-45.81,10.05
1131,2026-04-15T14:18:51Z,38.359906,-89.830591,39.48,189.48,306.00,0.23,1.30,-45.47,9.91
1132,2026-04-15T14:18:52Z,38.359946,-89.830678,39.65,189.65,306.00,2.05,-1.25,-46.16,10.12
1133,2026-04-15T14:18:53Z,38.360004,-89.830774,39.28,189.28,306.00,-2.78,-0.10,-45.74,9.47
1134,2026-04-15T14:18:54Z,38.360073,-89.830856,39.49,189.49,306.00,-0.70,-2.04,-45.08,9.56
1135,2026-04-15T14:18:55Z,38.360120,-89.830957,39.65,189.65,306.00,-2.21,0.13,-45.13,9.21
1136,2026-04-15T14:18:56Z,38.360165,-89.831062,40.44,190.44,306.00,-2.76,-1.66,-45.64,9.80
1137,2026-04-15T14:18:57Z,38.360215,-89.831158,40.44,190.44,306.00,1.27,2.15,-45.30,9.99
1138,2026-04-15T14:18:58Z,38.360263,-89.831225,39.13,189.13,306.00,-0.09,-0.64,-46.14,10.43
1139,2026-04-15T14:18:59Z,38.360310,-89.831328,40.23,190.23,306.00,-3.46,-1.03,-44.49,9.99
1140,2026-04-15T14:19:00Z,38.360391,-89.831419,40.19,190.19,306.00,-0.61,-1.73,-45.92,10.00
1141,2026-04-15T14:19:01Z,38.360415,-89.831504,40.43,190.43,306.00,-0.96,1.51,-42.78,9.92
1142,2026-04-15T14:19:02Z,38.360464,-89.831596,40.07,190.07,306.00,1.04,2.31,-45.13,10.13
1143,2026-04-15T14:19:03Z,38.360552,-89.831709,40.38,190.38,306.00,-2.13,0.63,-44.28,9.43
1144,2026-04-15T14:19:04Z,38.360580,-89.831782,39.64,189.64,306.00,-2.22,0.31,-44.71,10.44
1145,2026-04-15T14:19:05Z,38.360640,-89.831881,39.94,189.94,306.00,-2.20,1.50,-44.31,8.97
1146,2026-04-15T14:19:06Z,38.360704,-89.831973,40.84,190.84,306.00,1.55,-0.70,-45.55,9.94
1147,2026-04-15T14:19:07Z,38.360752,-89.832083,40.76,190.76,306.00,-0.01,2.07,-45.54,10.74
1148,2026-04-15T14:19:08Z,38.360795,-89.832157,39.72,189.72,306.00,1.34,0.98,-45.51,10.28
1149,2026-04-15T14:19:09Z,38.360836,-89.832247,39.82,189.82,306.00,-1.81,-0.43,-43.48,9.35
1150,2026-04-15T14:19:10Z,38.360906,-89.832355,39.46,189.46,306.00,-1.53,0.24,-43.89,9.60
1151,2026-04-15T14:19:11Z,38.360980,-89.832417,39.76,189.76,306.00,0.15,2.61,-44.49,10.38
1152,2026-04-15T14:19:12Z,38.361004,-89.832519,39.60,189.60,306.00,-0.47,-0.40,-47.08,9.75
1153,2026-04-15T14:19:13Z,38.361070,-89.832593,39.38,189.38,306.00,-2.55,-0.12,-45.83,10.54
1154,2026-04-15T14:19:14Z,38.361116,-89.832710,39.35,189.35,306.00,1.11,-1.39,-43.76,9.93
1155,2026-04-15T14:19:15Z,38.361179,-89.832814,40.71,190.71,306.00,-0.92,0.80,-44.05,9.22
1156,2026-04-15T14:19:16Z,38.361230,-89.832890,40.02,190.02,306.00,0.05,-2.20,-44.10,10.28
1157,2026-04-15T14:19:17Z,38.361278,-89.832996,39.71,189.71,306.00,-1.40,0.11,-45.70,10.78
1158,2026-04-15T14:19:18Z,38.361325,-89.833074,40.20,190.20,306.00,1.22,1.40,-45.07,9.88
1159,2026-04-15T14:19:19Z,38.361375,-89.833188,39.05,189.05,306.00,-1.06,-1.74,-45.85,10.62
1160,2026-04-15T14:19:20Z,38.361421,-89.833260,39.96,189.96,306.00,-1.21,-1.50,-43.88,9.61
1161,2026-04-15T14:19:21Z,38.361471,-89.833365,40.24,190.24,306.00,0.34,-0.21,-47.35,10.15
1162,2026-04-15T14:19:22Z,38.361537,-89.833464,39.34,189.34,306.00,1.89,-0.56,-44.64,10.58
1163,2026-04-15T14:19:23Z,38.361590,-89.833573,39.79,189.79,306.00,-0.17,-1.50,-43.87,10.35
1164,2026-04-15T14:19:24Z,38.361646,-89.833657,39.72,189.72,306.00,-1.48,1.14,-45.54,9.83
1165,2026-04-15T14:19:25Z,38.361697,-89.833716,39.67,189.67,306.00,0.00,-0.68,-45.33,9.56
1166,2026-04-15T14:19:26Z,38.361740,-89.833847,39.80,189.80,306.00,-1.65,4.26,-42.58,9.48
1167,2026-04-15T14:19:27Z,38.361823,-89.833926,39.45,189.45,306.00,-1.54,-0.41,-45.93,10.22
1168,2026-04-15T14:19:28Z,38.361862,-89.834016,40.16,190.16,306.00,-0.30,-2.72,-45.10,9.76
1169,2026-04-15T14:19:29Z,38.361904,-89.834103,39.76,189.76,306.00,0.12,2.19,-45.14,9.60
1170,2026-04-15T14:19:30Z,38.361976,-89.834229,39.57,189.57,306.00,-2.00,-4.11,-44.95,9.89
1171,2026-04-15T14:19:31Z,38.362004,-89.834303,39.93,189.93,306.00,-0.93,0.93,-45.79,9.91
1172,2026-04-15T14:19:32Z,38.362076,-89.834372,39.21,189.21,306.00,1.38,-1.91,-45.58,9.65
1173,2026-04-15T14:19:33Z,38.362120,-89.834468,40.59,190.59,306.00,0.81,0.50,-43.37,9.94
1174,2026-04-15T14:19:34Z,38.362171,-89.834573,39.90,189.90,306.00,-1.95,-4.04,-43.53,9.48
1175,2026-04-15T14:19:35Z,38.362242,-89.834684,40.42,190.42,306.00,-0.30,0.93,-45.10,10.16
1176,2026-04-15T14:19:36Z,38.362301,-89.834747,39.61,189.61,306.00,2.07,-0.40,-45.22,9.57
1177,2026-04-15T14:19:37Z,38.362331,-89.834849,40.58,190.58,306.00,-3.45,-0.83,-45.79,9.62
1178,2026-04-15T14:19:38Z,38.362377,-89.834962,39.53,189.53,306.00,1.44,-1.63,-45.23,9.42
1179,2026-04-15T14:19:39Z,38.362449,-89.835040,40.19,190.19,306.00,0.86,-0.87,-46.04,10.40
1180,2026-04-15T14:19:40Z,38.362500,-89.835126,39.64,189.64,306.00,-0.08,-2.67,-44.52,9.86
1181,2026-04-15T14:19:41Z,38.362551,-89.835229,39.58,189.58,306.00,-0.30,3.03,-44.15,9.84
1182,2026-04-15T14:19:42Z,38.362596,-89.835321,40.04,190.04,306.00,-1.75,-0.64,-44.56,9.93
1183,2026-04-15T14:19:43Z,38.362637,-89.835422,39.92,189.92,306.00,-2.58,1.78,-43.82,9.84
1184,2026-04-15T14:19:44Z,38.362719,-89.835505,40.29,190.29,306.00,0.81,1.73,-44.84,10.49
1185,2026-04-15T14:19:45Z,38.362748,-89.835587,40.25,190.25,306.00,1.64,0.24,-45.21,10.27
1186,2026-04-15T14:19:46Z,38.362816,-89.835687,39.59,189.59,306.00,-3.20,1.68,-44.15,10.38
1187,2026-04-15T14:19:47Z,38.362858,-89.835765,39.80,189.80,306.00,-2.15,-1.85,-44.55,10.12
1188,2026-04-15T14:19:48Z,38.362908,-89.835884,40.46,190.46,306.00,-1.00,-0.24,-43.50,9.97
1189,2026-04-15T14:19:49Z,38.362974,-89.835963,40.32,190.32,306.00,2.70,1.96,-45.36,9.77
1190,2026-04-15T14:19:50Z,38.363019,-89.836046,40.48,190.48,305.99,1.03,0.52,-46.59,10.40
1191,2026-04-15T14:19:51Z,38.363083,-89.836153,40.12,190.12,305.99,1.58,-0.63,-46.16,9.99
1192,2026-04-15T14:19:52Z,38.363136,-89.836234,40.77,190.77,305.99,0.51,1.35,-46.02,9.98
1193,2026-04-15T14:19:53Z,38.363162,-89.836344,39.68,189.68,305.99,3.85,-0.31,-44.91,10.71
1194,2026-04-15T14:19:54Z,38.363226,-89.836431,40.17,190.17,305.99,-0.53,-0.17,-45.60,10.14
1195,2026-04-15T14:19:55Z,38.363275,-89.836525,40.35,190.35,305.99,-0.79,1.46,-44.94,10.19
1196,2026-04-15T14:19:56Z,38.363343,-89.836616,40.90,190.90,305.99,1.09,2.16,-45.65,10.56
1197,2026-04-15T14:19:57Z,38.363403,-89.836720,40.04,190.04,305.99,-2.86,-1.94,-45.44,9.75
1198,2026-04-15T14:19:58Z,38.363444,-89.836803,40.47,190.47,305.99,-1.39,2.04,-43.79,9.87
1199,2026-04-15T14:19:59Z,38.363491,-89.836910,39.45,189.45,305.99,0.11,1.80,-44.93,9.79
1200,2026-04-15T14:20:00Z,38.363548,-89.836980,39.41,189.41,305.99,2.28,0.79,-43.45,10.45
1201,2026-04-15T14:20:01Z,38.363596,-89.837077,40.68,190.68,305.99,-0.92,2.67,-45.15,9.93
1202,2026-04-15T14:20:02Z,38.363644,-89.837170,38.93,188.93,305.99,2.02,-1.87,-45.67,10.42
1203,2026-04-15T14:20:03Z,38.363721,-89.837252,39.83,189.83,305.99,0.60,2.13,-44.23,9.93
1204,2026-04-15T14:20:04Z,38.363762,-89.837358,40.77,190.77,305.99,-1.65,-0.58,-43.20,10.23
1205,2026-04-15T14:20:05Z,38.363794,-89.837461,40.27,190.27,305.99,-1.70,-5.26,-45.33,9.94
1206,2026-04-15T14:20:06Z,38.363873,-89.837553,39.43,189.43,305.99,2.10,-1.32,-45.35,10.31
1207,2026-04-15T14:20:07Z,38.363902,-89.837634,39.63,189.63,305.99,-3.67,1.37,-46.85,9.93
1208,2026-04-15T14:20:08Z,38.363956,-89.837730,38.99,188.99,305.99,-1.42,-2.76,-45.71,9.35
1209,2026-04-15T14:20:09Z,38.364020,-89.837800,40.43,190.43,305.99,-0.32,-1.30,-44.54,9.02
1210,2026-04-15T14:20:10Z,38.364071,-89.837909,40.33,190.33,305.99,-2.48,-0.62,-44.38,9.84
1211,2026-04-15T14:20:11Z,38.364132,-89.838007,40.33,190.33,305.99,-1.94,0.26,-44.17,9.96
1212,2026-04-15T14:20:12Z,38.364192,-89.838105,40.06,190.06,305.99,-2.02,0.48,-45.94,9.90
1213,2026-04-15T14:20:13Z,38.364233,-89.838199,39.70,189.70,305.99,0.12,0.74,-45.41,9.98
1214,2026-04-15T14:20:14Z,38.364283,-89.838280,39.79,189.79,305.99,-0.86,-0.08,-44.18,10.01
1215,2026-04-15T14:20:15Z,38.364346,-89.838367,40.61,190.61,305.99,1.49,-0.48,-43.99,10.06
1216,2026-04-15T14:20:16Z,38.364398,-89.838450,40.42,190.42,305.99,0.47,-0.75,-45.65,10.27
1217,2026-04-15T14:20:17Z,38.364452,-89.838577,40.78,190.78,305.99,0.92,1.45,-44.75,10.08
1218,2026-04-15T14:20:18Z,38.364496,-89.838680,40.18,190.18,305.99,-2.20,0.29,-45.10,10.23
1219,2026-04-15T14:20:19Z,38.364559,-89.838767,39.72,189.72,305.99,-1.30,0.28,-47.06,9.92
1220,2026-04-15T14:20:20Z,38.364582,-89.838841,40.27,190.27,305.99,0.55,0.46,-44.42,9.67
1221,2026-04-15T14:20:21Z,38.364656,-89.838953,40.00,190.00,305.99,2.25,-2.25,-42.71,10.05
1222,2026-04-15T14:20:22Z,38.364708,-89.839038,39.86,189.86,305.99,0.08,-1.13,-44.31,10.45
1223,2026-04-15T14:20:23Z,38.364770,-89.839119,40.85,190.85,305.99,-3.63,0.05,-43.15,10.84
1224,2026-04-15T14:20:24Z,38.364819,-89.839195,40.29,190.29,305.99,-0.95,-0.01,-43.66,9.42
1225,2026-04-15T14:20:25Z,38.364866,-89.839310,39.73,189.73,305.99,0.31,3.44,-45.14,10.08
1226,2026-04-15T14:20:26Z,38.364909,-89.839390,40.14,190.14,305.99,-1.07,0.71,-45.49,10.07
1227,2026-04-15T14:20:27Z,38.364968,-89.839497,40.49,190.49,305.99,-0.13,-0.40,-44.25,9.43
1228,2026-04-15T14:20:28Z,38.365024,-89.839572,39.62,189.62,305.99,0.41,0.13,-43.44,10.17
1229,2026-04-15T14:20:29Z,38.365083,-89.839673,40.55,190.55,305.99,-0.38,1.45,-42.77,10.15
1230,2026-04-15T14:20:30Z,38.365126,-89.839761,40.07,190.07,305.99,-2.83,-0.95,-45.80,10.04
1231,2026-04-15T14:20:31Z,38.365197,-89.839874,40.66,190.66,305.99,-0.26,-0.60,-45.56,9.62
1232,2026-04-15T14:20:32Z,38.365223,-89.839938,40.56,190.56,305.99,1.45,1.37,-43.76,10.48
1233,2026-04-15T14:20:33Z,38.365283,-89.840040,40.73,190.73,305.99,-0.27,-1.32,-45.26,10.14
1234,2026-04-15T14:20:34Z,38.365338,-89.840174,40.24,190.24,305.99,0.94,0.27,-45.72,10.61
1235,2026-04-15T14:20:35Z,38.365393,-89.840216,39.32,189.32,305.99,-2.25,1.29,-45.67,10.91
1236,2026-04-15T14:20:36Z,38.365444,-89.840350,40.47,190.47,305.99,1.61,-0.74,-43.66,10.17
1237,2026-04-15T14:20:37Z,38.365503,-89.840420,39.75,189.75,305.99,0.55,0.64,-46.48,10.50
1238,2026-04-15T14:20:38Z,38.365553,-89.840522,39.60,189.60,305.99,0.89,-0.16,-45.00,9.26
1239,2026-04-15T14:20:39Z,38.365598,-89.840602,39.50,189.50,305.99,0.95,0.56,-44.41,9.97
1240,2026-04-15T14:20:40Z,38.365654,-89.840719,40.14,190.14,305.99,-0.48,-1.77,-45.23,9.57
1241,2026-04-15T14:20:41Z,38.365719,-89.840793,39.39,189.39,305.99,0.40,0.03,-44.72,10.06
1242,2026-04-15T14:20:42Z,38.365777,-89.840863,40.36,190.36,305.99,0.54,-2.08,-44.99,9.86
1243,2026-04-15T14:20:43Z,38.365835,-89.840976,39.99,189.99,305.99,1.67,-0.43,-44.69,9.69
1244,2026-04-15T14:20:44Z,38.365868,-89.841082,39.91,189.91,305.99,-1.02,-0.86,-43.28,9.60
1245,2026-04-15T14:20:45Z,38.365930,-89.841157,39.69,189.69,305.99,-0.20,1.83,-45.22,10.24
1246,2026-04-15T14:20:46Z,38.365992,-89.841256,40.05,190.05,305.99,-0.04,-1.47,-46.15,9.81
1247,2026-04-15T14:20:47Z,38.366015,-89.841356,39.53,189.53,305.99,-0.97,-0.23,-43.69,10.12
1248,2026-04-15T14:20:48Z,38.366088,-89.841457,40.20,190.20,305.99,-0.21,-1.42,-44.64,10.24
1249,2026-04-15T14:20:49Z,38.366133,-89.841529,40.29,190.29,305.99,-0.74,-2.42,-44.90,10.17
1250,2026-04-15T14:20:50Z,38.366187,-89.841626,40.16,190.16,305.99,-1.62,1.27,-44.65,10.21
1251,2026-04-15T14:20:51Z,38.366243,-89.841717,41.09,191.09,305.99,-0.13,-2.38,-45.27,10.18
1252,2026-04-15T14:20:52Z,38.366298,-89.841825,39.93,189.93,305.99,1.18,-2.26,-45.18,10.06
1253,2026-04-15T14:20:53Z,38.366345,-89.841903,40.21,190.21,305.99,1.65,3.89,-44.78,10.35
1254,2026-04-15T14:20:54Z,38.366404,-89.841997,39.96,189.96,305.99,-0.27,-0.97,-46.28,9.64
1255,2026-04-15T14:20:55Z,38.366454,-89.842095,40.10,190.10,305.99,0.76,2.16,-44.47,9.89
1256,2026-04-15T14:20:56Z,38.366502,-89.842186,40.11,190.11,305.99,-0.52,1.72,-44.71,9.83
1257,2026-04-15T14:20:57Z,38.366554,-89.842272,39.94,189.94,305.99,0.37,-0.60,-45.59,9.80
1258,2026-04-15T14:20:58Z,38.366617,-89.842375,40.69,190.69,305.99,0.70,0.59,-44.64,9.51
1259,2026-04-15T14:20:59Z,38.366666,-89.842449,39.87,189.87,305.99,-0.50,2.99,-46.04,9.85
1260,2026-04-15T14:21:00Z,38.366726,-89.842562,40.27,190.27,305.99,-1.83,-1.33,-44.13,10.44
1261,2026-04-15T14:21:01Z,38.366780,-89.842652,40.87,190.87,305.99,0.57,1.91,-45.74,9.89
1262,2026-04-15T14:21:02Z,38.366837,-89.842747,39.95,189.95,305.99,3.49,0.05,-44.13,9.85
1263,2026-04-15T14:21:03Z,38.366886,-89.842836,40.45,190.45,305.99,-2.59,-0.55,-44.95,9.87
1264,2026-04-15T14:21:04Z,38.366908,-89.842938,39.96,189.96,305.99,0.95,-0.03,-45.66,10.17
1265,2026-04-15T14:21:05Z,38.366986,-89.843032,40.35,190.35,305.99,1.37,-1.35,-43.44,9.39
1266,2026-04-15T14:21:06Z,38.367030,-89.843117,39.49,189.49,305.99,-1.81,-0.39,-44.57,10.23
1267,2026-04-15T14:21:07Z,38.367079,-89.843213,39.75,189.75,305.99,-1.08,-0.03,-46.56,9.46
1268,2026-04-15T14:21:08Z,38.367140,-89.843294,40.09,190.09,305.99,-3.52,-1.35,-44.69,10.00
1269,2026-04-15T14:21:09Z,38.367191,-89.843401,40.79,190.79,305.99,-2.06,-0.23,-44.46,10.50
1270,2026-04-15T14:21:10Z,38.367260,-89.843505,40.32,190.32,305.99,0.24,-0.45,-43.34,9.84
1271,2026-04-15T14:21:11Z,38.367316,-89.843577,39.53,189.53,305.99,0.64,-1.61,-43.88,11.02
1272,2026-04-15T14:21:12Z,38.367349,-89.843670,40.53,190.53,305.99,1.40,0.27,-44.65,9.31
1273,2026-04-15T14:21:13Z,38.367405,-89.843778,39.61,189.61,305.99,0.77,-0.10,-46.66,10.15
1274,2026-04-15T14:21:14Z,38.367454,-89.843861,39.61,189.61,305.99,0.45,-2.27,-45.13,10.19
1275,2026-04-15T14:21:15Z,38.367515,-89.843943,39.91,189.91,305.99,-1.77,2.83,-44.87,10.00
1276,2026-04-15T14:21:16Z,38.367554,-89.844059,39.11,189.11,305.99,1.55,-0.86,-45.27,9.75
1277,2026-04-15T14:21:17Z,38.367606,-89.844113,41.12,191.12,305.99,-0.56,0.73,-44.51,8.91
1278,2026-04-15T14:21:18Z,38.367663,-89.844229,40.33,190.33,305.99,-2.68,-1.05,-44.54,10.61
1279,2026-04-15T14:21:19Z,38.367712,-89.844322,40.66,190.66,305.99,-0.80,0.71,-46.36,10.11
1280,2026-04-15T14:21:20Z,38.367775,-89.844404,40.60,190.60,305.99,0.20,-0.29,-45.25,10.26
1281,2026-04-15T14:21:21Z,38.367837,-89.844487,40.27,190.27,305.99,-1.29,-2.03,-45.46,10.01
1282,2026-04-15T14:21:22Z,38.367886,-89.844593,40.64,190.64,305.99,-2.44,-1.03,-44.17,9.92
1283,2026-04-15T14:21:23Z,38.367934,-89.844686,39.98,189.98,305.99,0.96,-0.79,-44.61,9.80
1284,2026-04-15T14:21:24Z,38.367985,-89.844798,40.77,190.77,305.99,1.26,0.88,-45.02,9.90
1285,2026-04-15T14:21:25Z,38.368034,-89.844871,39.73,189.73,305.99,-0.77,-2.51,-46.01,9.66
1286,2026-04-15T14:21:26Z,38.368089,-89.844959,38.99,188.99,305.99,1.99,1.32,-43.64,10.19
1287,2026-04-15T14:21:27Z,38.368133,-89.845070,39.29,189.29,305.99,3.27,-2.41,-45.17,10.55
1288,2026-04-15T14:21:28Z,38.368184,-89.845173,39.52,189.52,305.99,-0.75,1.20,-44.34,10.59
1289,2026-04-15T14:21:29Z,38.368242,-89.845229,39.45,189.45,305.99,0.67,-0.46,-45.25,9.79
1290,2026-04-15T14:21:30Z,38.368309,-89.845324,39.10,189.10,305.99,1.89,2.37,-47.52,10.01
1291,2026-04-15T14:21:31Z,38.368348,-89.845429,39.79,189.79,305.99,0.73,0.81,-45.24,10.29
1292,2026-04-15T14:21:32Z,38.368406,-89.845512,40.27,190.27,305.99,0.16,-1.15,-45.76,10.13
1293,2026-04-15T14:21:33Z,38.368462,-89.845603,39.49,189.49,305.99,0.60,-0.39,-45.12,10.13
1294,2026-04-15T14:21:34Z,38.368519,-89.845717,40.69,190.69,305.99,0.99,1.04,-43.62,9.30
1295,2026-04-15T14:21:35Z,38.368548,-89.845813,40.54,190.54,305.99,-0.04,1.61,-46.07,9.69
1296,2026-04-15T14:21:36Z,38.368610,-89.845905,39.98,189.98,305.99,0.08,-0.17,-44.50,9.70
1297,2026-04-15T14:21:37Z,38.368666,-89.845980,40.42,190.42,305.99,0.66,-0.65,-44.90,10.36
1298,2026-04-15T14:21:38Z,38.368712,-89.846076,40.45,190.45,305.99,2.09,1.25,-43.04,9.74
1299,2026-04-15T14:21:39Z,38.368768,-89.846171,39.67,189.67,305.99,1.15,1.73,-45.03,9.83
1300,2026-04-15T14:21:40Z,38.368828,-89.846277,39.98,189.98,305.99,0.94,1.40,-45.56,10.11
1301,2026-04-15T14:21:41Z,38.368877,-89.846343,40.13,190.13,305.99,2.41,-1.03,-44.19,9.31
1302,2026-04-15T14:21:42Z,38.368933,-89.846450,40.83,190.83,305.99,-0.48,-1.09,-45.27,9.27
1303,2026-04-15T14:21:43Z,38.368986,-89.846533,40.21,190.21,305.99,2.26,1.26,-45.88,9.81
1304,2026-04-15T14:21:44Z,38.369039,-89.846644,40.11,190.11,305.99,1.12,-0.80,-44.99,9.85
1305,2026-04-15T14:21:45Z,38.369089,-89.846736,40.42,190.42,305.99,0.35,1.23,-43.69,9.40
1306,2026-04-15T14:21:46Z,38.369139,-89.846808,39.95,189.95,305.99,0.42,-1.98,-43.69,10.04
1307,2026-04-15T14:21:47Z,38.369207,-89.846922,39.70,189.70,305.99,-0.30,-0.11,-46.63,10.94
1308,2026-04-15T14:21:48Z,38.369251,-89.847002,39.73,189.73,305.99,0.48,-0.55,-44.00,10.06
1309,2026-04-15T14:21:49Z,38.369304,-89.847101,39.99,189.99,305.99,0.87,1.15,-44.22,9.28
1310,2026-04-15T14:21:50Z,38.369363,-89.847194,40.27,190.27,305.99,-1.65,0.91,-44.51,11.09
1311,2026-04-15T14:21:51Z,38.369419,-89.847302,41.01,191.01,305.99,-0.35,2.74,-44.83,10.52
1312,2026-04-15T14:21:52Z,38.369484,-89.847376,38.99,188.99,305.99,-0.68,-2.06,-45.99,9.99
1313,2026-04-15T14:21:53Z,38.369520,-89.847480,40.50,190.50,305.99,-0.37,0.71,-44.59,9.33
1314,2026-04-15T14:21:54Z,38.369565,-89.847561,39.48,189.48,305.99,-2.13,1.96,-45.40,9.72
1315,2026-04-15T14:21:55Z,38.369614,-89.847661,40.68,190.68,305.99,-1.34,2.72,-45.05,10.70
1316,2026-04-15T14:21:56Z,38.369686,-89.847740,39.62,189.62,305.99,-2.50,0.06,-44.59,9.73
1317,2026-04-15T14:21:57Z,38.369727,-89.847857,40.23,190.23,305.99,0.25,-0.94,-44.66,10.32
1318,2026-04-15T14:21:58Z,38.369773,-89.847932,40.19,190.19,305.99,2.79,2.77,-44.11,10.42
1319,2026-04-15T14:21:59Z,38.369830,-89.848021,39.30,189.30,305.99,-0.19,-0.75,-44.50,10.00
1320,2026-04-15T14:22:00Z,38.369884,-89.848098,39.91,189.91,305.99,0.43,-1.49,-44.89,10.76
1321,2026-04-15T14:22:01Z,38.369960,-89.848216,40.05,190.05,305.99,1.19,1.13,-46.69,10.22
1322,2026-04-15T14:22:02Z,38.369987,-89.848313,41.52,191.52,305.99,0.21,4.04,-44.49,9.68
1323,2026-04-15T14:22:03Z,38.370058,-89.848390,39.21,189.21,305.99,-0.37,-2.71,-47.08,9.81
1324,2026-04-15T14:22:04Z,38.370108,-89.848471,39.47,189.47,305.99,2.19,1.58,-46.41,9.95
1325,2026-04-15T14:22:05Z,38.370151,-89.848581,39.06,189.06,305.99,-0.84,-3.46,-45.80,9.78
1326,2026-04-15T14:22:06Z,38.370206,-89.848673,39.35,189.35,305.99,-0.30,-0.20,-45.59,10.22
1327,2026-04-15T14:22:07Z,38.370238,-89.848761,40.23,190.23,305.99,-0.79,-2.03,-44.59,9.99
1328,2026-04-15T14:22:08Z,38.370306,-89.848857,40.34,190.34,305.99,-1.10,-0.25,-44.67,9.80
1329,2026-04-15T14:22:09Z,38.370348,-89.848954,39.27,189.27,305.99,3.46,-1.49,-46.02,9.85
1330,2026-04-15T14:22:10Z,38.370412,-89.849052,39.35,189.35,305.99,0.96,0.76,-44.65,10.14
1331,2026-04-15T14:22:11Z,38.370466,-89.849153,40.02,190.02,305.99,-1.27,-0.32,-44.99,10.21
1332,2026-04-15T14:22:12Z,38.370542,-89.849222,40.68,190.68,305.99,-0.92,0.92,-43.48,10.28
1333,2026-04-15T14:22:13Z,38.370566,-89.849327,40.06,190.06,305.99,1.75,-0.30,-45.16,10.22
1334,2026-04-15T14:22:14Z,38.370656,-89.849426,39.31,189.31,305.99,-0.84,-0.25,-45.12,10.06
1335,2026-04-15T14:22:15Z,38.370660,-89.849513,40.11,190.11,305.99,0.26,1.73,-43.36,10.47
1336,2026-04-15T14:22:16Z,38.370738,-89.849601,39.84,189.84,305.99,-0.50,-3.52,-45.13,10.25
1337,2026-04-15T14:22:17Z,38.370796,-89.849689,39.87,189.87,305.99,-0.40,-0.05,-46.17,9.68
1338,2026-04-15T14:22:18Z,38.370830,-89.849793,40.11,190.11,305.99,-1.21,-2.89,-45.19,10.23
1339,2026-04-15T14:22:19Z,38.370900,-89.849902,39.57,189.57,305.99,2.47,1.66,-45.33,9.73
1340,2026-04-15T14:22:20Z,38.370951,-89.849986,39.98,189.98,305.99,-1.47,-1.43,-46.17,9.26
1341,2026-04-15T14:22:21Z,38.371002,-89.850082,40.50,190.50,305.99,0.36,1.75,-44.75,10.22
1342,2026-04-15T14:22:22Z,38.371044,-89.850168,40.33,190.33,305.99,1.36,-0.30,-44.38,9.49
1343,2026-04-15T14:22:23Z,38.371104,-89.850265,40.79,190.79,305.99,0.45,-0.80,-45.80,9.90
1344,2026-04-15T14:22:24Z,38.371157,-89.850355,39.97,189.97,305.99,-0.80,1.48,-44.40,10.05
1345,2026-04-15T14:22:25Z,38.371190,-89.850452,39.81,189.81,305.99,-1.10,0.97,-44.51,9.61
1346,2026-04-15T14:22:26Z,38.371247,-89.850549,40.13,190.13,305.99,1.23,-0.98,-44.97,9.88
1347,2026-04-15T14:22:27Z,38.371306,-89.850631,40.30,190.30,305.99,-1.67,1.57,-45.06,10.15
1348,2026-04-15T14:22:28Z,38.371371,-89.850715,39.77,189.77,305.99,-1.09,-0.57,-46.22,10.35
1349,2026-04-15T14:22:29Z,38.371406,-89.850788,39.92,189.92,305.99,2.81,-2.61,-43.78,9.84
1350,2026-04-15T14:22:30Z,38.371475,-89.850907,39.88,189.88,305.99,2.23,1.52,-45.13,9.88
1351,2026-04-15T14:22:31Z,38.371519,-89.850998,39.49,189.49,305.99,-0.45,-1.14,-45.65,9.67
1352,2026-04-15T14:22:32Z,38.371575,-89.851103,40.76,190.76,305.99,1.05,1.00,-45.18,9.15
1353,2026-04-15T14:22:33Z,38.371630,-89.851183,40.02,190.02,305.99,0.81,-0.61,-45.99,10.28
1354,2026-04-15T14:22:34Z,38.371687,-89.851270,40.39,190.39,305.99,3.71,-2.60,-43.16,9.78
1355,2026-04-15T14:22:35Z,38.371730,-89.851371,40.87,190.87,305.99,2.33,1.19,-44.59,10.74
1356,2026-04-15T14:22:36Z,38.371777,-89.851476,39.96,189.96,305.99,1.08,1.27,-43.60,10.24
1357,2026-04-15T14:22:37Z,38.371855,-89.851555,38.95,188.95,305.99,-0.33,-0.72,-44.83,10.40
1358,2026-04-15T14:22:38Z,38.371884,-89.851651,39.28,189.28,305.99,-1.06,2.19,-44.88,9.07
1359,2026-04-15T14:22:39Z,38.371955,-89.851742,40.20,190.20,305.99,-1.10,-1.32,-46.37,9.24
1360,2026-04-15T14:22:40Z,38.372002,-89.851830,40.17,190.17,305.99,1.04,0.09,-44.73,9.98
1361,2026-04-15T14:22:41Z,38.372049,-89.851921,40.21,190.21,305.99,-0.99,1.60,-46.31,9.59
1362,2026-04-15T14:22:42Z,38.372103,-89.852008,40.34,190.34,305.99,0.90,-0.54,-46.78,10.39
1363,2026-04-15T14:22:43Z,38.372178,-89.852103,39.56,189.56,305.99,-0.95,-0.16,-44.41,10.05
1364,2026-04-15T14:22:44Z,38.372206,-89.852184,39.83,189.83,305.98,1.77,-1.74,-44.87,9.82
1365,2026-04-15T14:22:45Z,38.372284,-89.852297,40.11,190.11,305.98,-1.40,-0.34,-42.72,9.77
1366,2026-04-15T14:22:46Z,38.372327,-89.852385,40.35,190.35,305.98,-0.50,-0.02,-45.06,10.38
1367,2026-04-15T14:22:47Z,38.372375,-89.852495,39.35,189.35,305.98,0.59,-1.65,-44.23,9.70
1368,2026-04-15T14:22:48Z,38.372414,-89.852579,39.31,189.31,305.98,-2.30,-3.01,-44.94,10.25
1369,2026-04-15T14:22:49Z,38.372480,-89.852661,40.09,190.09,305.98,0.28,0.31,-43.62,10.17
1370,2026-04-15T14:22:50Z,38.372528,-89.852773,40.65,190.65,305.98,0.86,-0.81,-44.52,10.39
1371,2026-04-15T14:22:51Z,38.372598,-89.852860,40.34,190.34,305.98,-1.39,1.47,-44.34,9.46
1372,2026-04-15T14:22:52Z,38.372632,-89.852960,39.63,189.63,305.98,0.09,1.30,-44.42,10.82
1373,2026-04-15T14:22:53Z,38.372691,-89.853035,39.84,189.84,305.98,0.14,-0.47,-44.46,10.45
1374,2026-04-15T14:22:54Z,38.372741,-89.853129,39.58,189.58,305.98,-3.29,-2.21,-46.00,9.29
1375,2026-04-15T14:22:55Z,38.372789,-89.853226,40.24,190.24,305.98,-1.76,2.84,-45.11,10.22
1376,2026-04-15T14:22:56Z,38.372841,-89.853320,40.13,190.13,305.98,-0.82,2.31,-46.56,10.14
1377,2026-04-15T14:22:57Z,38.372904,-89.853403,39.98,189.98,305.98,0.12,1.39,-44.92,9.62
1378,2026-04-15T14:22:58Z,38.372948,-89.853528,40.15,190.15,305.98,1.65,-1.16,-43.84,9.22
1379,2026-04-15T14:22:59Z,38.373014,-89.853598,39.90,189.90,305.98,-0.40,-0.45,-45.47,10.78
1380,2026-04-15T14:23:00Z,38.373051,-89.853690,39.92,189.92,305.98,-1.57,1.91,-44.14,8.93
1381,2026-04-15T14:23:01Z,38.373132,-89.853802,39.01,189.01,305.98,-1.58,1.32,-45.65,10.43
1382,2026-04-15T14:23:02Z,38.373174,-89.853880,39.93,189.93,305.98,1.14,-0.97,-47.77,10.60
1383,2026-04-15T14:23:03Z,38.373231,-89.853970,40.13,190.13,305.98,-0.17,-1.22,-45.69,9.64
1384,2026-04-15T14:23:04Z,38.373247,-89.854053,40.11,190.11,305.98,1.73,-0.34,-45.44,9.68
1385,2026-04-15T14:23:05Z,38.373313,-89.854137,41.06,191.06,305.98,-1.56,-0.41,-44.22,9.58
1386,2026-04-15T14:23:06Z,38.373376,-89.854249,40.39,190.39,305.98,-0.41,-0.27,-45.36,10.08
1387,2026-04-15T14:23:07Z,38.373437,-89.854340,39.98,189.98,305.98,1.39,-0.62,-43.06,10.00
1388,2026-04-15T14:23:08Z,38.373473,-89.854450,40.12,190.12,305.98,-0.64,4.93,-44.56,10.14
1389,2026-04-15T14:23:09Z,38.373545,-89.854519,40.17,190.17,305.98,0.24,0.81,-46.32,9.63
1390,2026-04-15T14:23:10Z,38.373566,-89.854605,40.32,190.32,305.98,-0.42,1.23,-46.39,10.18
1391,2026-04-15T14:23:11Z,38.373634,-89.854718,40.59,190.59,305.98,-0.91,1.25,-44.04,9.89
1392,2026-04-15T14:23:12Z,38.373691,-89.854800,39.36,189.36,305.98,-1.40,-0.41,-44.24,9.77
1393,2026-04-15T14:23:13Z,38.373738,-89.854889,40.41,190.41,305.98,3.23,-0.39,-46.09,9.64
1394,2026-04-15T14:23:14Z,38.373789,-89.854985,39.90,189.90,305.98,-3.51,-1.36,-46.48,10.05
1395,2026-04-15T14:23:15Z,38.373858,-89.855090,39.72,189.72,305.98,1.80,1.31,-44.10,10.02
1396,2026-04-15T14:23:16Z,38.373897,-89.855179,40.02,190.02,305.98,-0.13,0.09,-44.28,9.60
1397,2026-04-15T14:23:17Z,38.373939,-89.855272,40.04,190.04,305.98,0.95,-0.80,-45.73,10.71
1398,2026-04-15T14:23:18Z,38.374015,-89.855356,39.55,189.55,305.98,2.29,0.92,-45.75,10.04
1399,2026-04-15T14:23:19Z,38.374049,-89.855447,40.11,190.11,305.98,1.94,-1.07,-44.98,10.41
1400,2026-04-15T14:23:20Z,38.374107,-89.855567,39.86,189.86,305.98,0.17,-0.01,-46.52,10.33
1401,2026-04-15T14:23:21Z,38.374169,-89.855640,40.00,190.00,305.98,-0.46,0.83,-44.61,9.84
1402,2026-04-15T14:23:22Z,38.374204,-89.855729,39.84,189.84,305.98,1.10,1.06,-43.16,10.05
1403,2026-04-15T14:23:23Z,38.374272,-89.855817,39.47,189.47,305.98,-2.04,1.32,-46.07,10.26
1404,2026-04-15T14:23:24Z,38.374315,-89.855911,40.37,190.37,305.98,-0.50,-0.77,-45.07,10.68
1405,2026-04-15T14:23:25Z,38.374368,-89.856020,40.06,190.06,305.98,-3.29,-2.22,-44.93,9.50
1406,2026-04-15T14:23:26Z,38.374421,-89.856093,40.41,190.41,305.98,-0.32,0.16,-46.24,10.26
1407,2026-04-15T14:23:27Z,38.374488,-89.856187,40.03,190.03,305.98,-2.51,-0.32,-45.20,9.48
1408,2026-04-15T14:23:28Z,38.374557,-89.856306,39.21,189.21,305.98,-0.71,4.18,-46.23,10.13
1409,2026-04-15T14:23:29Z,38.374604,-89.856393,39.99,189.99,305.98,-1.44,2.02,-44.44,9.89
1410,2026-04-15T14:23:30Z,38.374635,-89.856460,39.58,189.58,305.98,0.28,-1.18,-44.93,10.54
1411,2026-04-15T14:23:31Z,38.374688,-89.856588,40.69,190.69,305.98,-1.15,-2.17,-44.74,9.76
1412,2026-04-15T14:23:32Z,38.374731,-89.856673,40.10,190.10,305.98,0.91,0.96,-44.11,9.52
1413,2026-04-15T14:23:33Z,38.374799,-89.856762,39.66,189.66,305.98,0.82,0.37,-44.62,10.75
1414,2026-04-15T14:23:34Z,38.374871,-89.856830,39.16,189.16,305.98,2.71,-0.32,-45.08,10.10
1415,2026-04-15T14:23:35Z,38.374901,-89.856934,39.82,189.82,305.98,-1.58,-0.48,-44.82,10.52
1416,2026-04-15T14:23:36Z,38.374957,-89.857036,40.11,190.11,305.98,0.17,-2.04,-43.78,9.87
1417,2026-04-15T14:23:37Z,38.374996,-89.857133,40.70,190.70,305.98,3.13,-0.90,-45.30,9.14
1418,2026-04-15T14:23:38Z,38.375066,-89.857205,39.92,189.92,305.98,1.44,2.34,-44.76,10.26
1419,2026-04-15T14:23:39Z,38.375113,-89.857325,39.65,189.65,305.98,-0.88,1.17,-46.97,9.87
1420,2026-04-15T14:23:40Z,38.375166,-89.857394,39.81,189.81,305.98,0.96,2.23,-43.78,9.96
1421,2026-04-15T14:23:41Z,38.375218,-89.857518,40.02,190.02,305.98,-0.73,-1.25,-43.89,9.59
1422,2026-04-15T14:23:42Z,38.375273,-89.857591,40.48,190.48,305.98,-0.41,0.40,-43.46,10.17
1423,2026-04-15T14:23:43Z,38.375338,-89.857684,40.24,190.24,305.98,2.02,-0.52,-44.38,10.07
1424,2026-04-15T14:23:44Z,38.375402,-89.857784,39.99,189.99,305.98,2.77,1.26,-44.61,10.62
1425,2026-04-15T14:23:45Z,38.375435,-89.857887,39.55,189.55,305.98,-0.73,-0.41,-44.80,10.43
1426,2026-04-15T14:23:46Z,38.375487,-89.857966,38.90,188.90,305.98,-0.03,0.37,-45.41,10.16
1427,2026-04-15T14:23:47Z,38.375547,-89.858063,40.73,190.73,305.98,1.45,-0.34,-47.26,10.32
1428,2026-04-15T14:23:48Z,38.375585,-89.858166,40.02,190.02,305.98,3.08,-1.04,-45.49,10.16
1429,2026-04-15T14:23:49Z,38.375633,-89.858207,40.31,190.31,305.98,-0.63,-0.47,-45.27,10.51
1430,2026-04-15T14:23:50Z,38.375679,-89.858340,39.98,189.98,305.98,1.74,0.40,-45.62,10.12
1431,2026-04-15T14:23:51Z,38.375745,-89.858432,40.92,190.92,305.98,-0.06,2.43,-44.41,10.08
1432,2026-04-15T14:23:52Z,38.375810,-89.858530,40.48,190.48,305.98,-0.14,-1.90,-43.39,9.53
1433,2026-04-15T14:23:53Z,38.375863,-89.858614,39.50,189.50,305.98,0.36,-2.96,-44.19,9.80
1434,2026-04-15T14:23:54Z,38.375920,-89.858704,40.19,190.19,305.98,1.02,0.39,-45.61,10.40
1435,2026-04-15T14:23:55Z,38.375961,-89.858796,38.95,188.95,305.98,-1.87,0.26,-45.01,10.14
1436,2026-04-15T14:23:56Z,38.376014,-89.858909,40.23,190.23,305.98,0.19,0.41,-45.86,10.10
1437,2026-04-15T14:23:57Z,38.376080,-89.858981,40.42,190.42,305.98,-1.06,0.43,-44.72,9.64
1438,2026-04-15T14:23:58Z,38.376123,-89.859060,39.19,189.19,305.98,-2.07,2.61,-44.71,10.02
1439,2026-04-15T14:23:59Z,38.376189,-89.859149,39.69,189.69,305.98,2.11,-1.17,-45.13,9.85
1440,2026-04-15T14:24:00Z,38.376225,-89.859273,41.01,191.01,305.98,-0.58,-2.01,-45.13,10.29
1441,2026-04-15T14:24:01Z,38.376287,-89.859332,41.04,191.04,305.98,2.45,0.35,-44.06,10.08
1442,2026-04-15T14:24:02Z,38.376336,-89.859451,40.77,190.77,305.98,-0.97,-1.33,-44.11,9.91
1443,2026-04-15T14:24:03Z,38.376394,-89.859529,40.08,190.08,305.98,1.87,1.05,-44.59,9.44
1444,2026-04-15T14:24:04Z,38.376432,-89.859640,40.32,190.32,305.98,0.98,0.28,-44.57,9.70
1445,2026-04-15T14:24:05Z,38.376501,-89.859715,40.14,190.14,305.98,-0.36,2.03,-44.78,9.64
1446,2026-04-15T14:24:06Z,38.376561,-89.859833,40.76,190.76,305.98,-2.12,-1.37,-46.02,9.60
1447,2026-04-15T14:24:07Z,38.376612,-89.859921,40.21,190.21,305.98,-2.43,0.68,-44.83,9.92
1448,2026-04-15T14:24:08Z,38.376640,-89.859991,39.57,189.57,305.98,1.55,-0.64,-46.16,9.29
1449,2026-04-15T14:24:09Z,38.376699,-89.860102,39.96,189.96,305.98,1.68,0.71,-45.24,9.51
1450,2026-04-15T14:24:10Z,38.376773,-89.860186,40.20,190.20,305.98,0.00,1.88,-45.52,9.95
1451,2026-04-15T14:24:11Z,38.376817,-89.860289,39.69,189.69,305.98,-2.21,0.76,-46.27,9.62
1452,2026-04-15T14:24:12Z,38.376871,-89.860363,39.83,189.83,305.98,0.72,1.51,-46.04,10.28
1453,2026-04-15T14:24:13Z,38.376919,-89.860454,39.88,189.88,305.98,-0.87,3.31,-44.15,10.16
1454,2026-04-15T14:24:14Z,38.376966,-89.860544,39.93,189.93,305.98,1.09,2.31,-45.33,10.13
1455,2026-04-15T14:24:15Z,38.377039,-89.860641,40.51,190.51,305.98,1.66,0.70,-44.85,10.33
1456,2026-04-15T14:24:16Z,38.377087,-89.860741,40.42,190.42,305.98,2.30,0.62,-43.53,9.60
1457,2026-04-15T14:24:17Z,38.377132,-89.860839,40.39,190.39,305.98,-2.67,-1.44,-43.73,9.66
1458,2026-04-15T14:24:18Z,38.377173,-89.860937,40.48,190.48,305.98,-1.10,-0.08,-45.44,10.20
1459,2026-04-15T14:24:19Z,38.377240,-89.861019,39.53,189.53,305.98,-2.38,0.83,-44.30,9.49
1460,2026-04-15T14:24:20Z,38.377287,-89.861127,39.39,189.39,305.98,-3.97,0.74,-45.43,10.32
1461,2026-04-15T14:24:21Z,38.377334,-89.861184,40.32,190.32,305.98,-0.18,-2.11,-46.15,10.08
1462,2026-04-15T14:24:22Z,38.377375,-89.861304,39.34,189.34,305.98,-0.58,0.87,-44.87,9.97
1463,2026-04-15T14:24:23Z,38.377442,-89.861397,39.52,189.52,305.98,-0.01,3.11,-43.91,10.16
1464,2026-04-15T14:24:24Z,38.377498,-89.861475,39.44,189.44,305.98,-2.12,1.20,-44.30,9.77
1465,2026-04-15T14:24:25Z,38.377540,-89.861568,40.18,190.18,305.98,-0.25,-0.34,-43.11,9.57
1466,2026-04-15T14:24:26Z,38.377600,-89.861665,40.04,190.04,305.98,-1.07,1.26,-45.01,10.68
1467,2026-04-15T14:24:27Z,38.377650,-89.861765,40.81,190.81,305.98,-0.97,-1.06,-44.05,10.28
1468,2026-04-15T14:24:28Z,38.377719,-89.861868,39.57,189.57,305.98,-1.70,0.95,-44.76,9.73
1469,2026-04-15T14:24:29Z,38.377756,-89.861971,39.80,189.80,305.98,1.09,0.75,-44.41,9.56
1470,2026-04-15T14:24:30Z,38.377812,-89.862035,40.46,190.46,305.98,1.95,-0.21,-46.16,10.20
1471,2026-04-15T14:24:31Z,38.377855,-89.862119,39.40,189.40,305.98,0.07,-0.16,-43.73,10.20
1472,2026-04-15T14:24:32Z,38.377932,-89.862239,40.09,190.09,305.98,-2.09,0.96,-44.47,10.08
1473,2026-04-15T14:24:33Z,38.377972,-89.862306,39.17,189.17,305.98,-0.79,-1.56,-44.27,10.31
1474,2026-04-15T14:24:34Z,38.378024,-89.862422,40.85,190.85,305.98,-1.74,-1.13,-44.70,9.49
1475,2026-04-15T14:24:35Z,38.378077,-89.862510,39.53,189.53,305.98,0.49,-2.71,-44.41,9.61
1476,2026-04-15T14:24:36Z,38.378128,-89.862589,40.21,190.21,305.98,0.33,-3.32,-44.61,10.19
1477,2026-04-15T14:24:37Z,38.378182,-89.862683,39.59,189.59,305.98,1.58,-1.17,-44.26,9.60
1478,2026-04-15T14:24:38Z,38.378224,-89.862788,40.21,190.21,305.98,-0.40,1.31,-46.96,9.94
1479,2026-04-15T14:24:39Z,38.378281,-89.862900,39.54,189.54,305.98,0.59,-0.39,-44.43,9.68
1480,2026-04-15T14:24:40Z,38.378352,-89.862957,39.85,189.85,305.98,0.44,1.76,-46.23,8.80
1481,2026-04-15T14:24:41Z,38.378389,-89.863059,40.24,190.24,305.98,0.81,-2.89,-44.22,10.24
1482,2026-04-15T14:24:42Z,38.378443,-89.863134,40.83,190.83,305.98,1.98,-1.02,-44.57,9.95
1483,2026-04-15T14:24:43Z,38.378505,-89.863242,39.29,189.29,305.98,0.55,1.81,-45.31,10.85
1484,2026-04-15T14:24:44Z,38.378553,-89.863346,40.06,190.06,305.98,1.04,3.42,-46.46,9.92
1485,2026-04-15T14:24:45Z,38.378600,-89.863459,39.88,189.88,305.98,0.69,-0.78,-46.86,9.95
1486,2026-04-15T14:24:46Z,38.378650,-89.863526,39.92,189.92,305.98,2.43,-0.11,-44.30,10.80
1487,2026-04-15T14:24:47Z,38.378717,-89.863605,40.42,190.42,305.98,-1.32,-1.20,-45.04,9.95
1488,2026-04-15T14:24:48Z,38.378757,-89.863726,40.13,190.13,305.98,-1.35,3.13,-47.12,9.38
1489,2026-04-15T14:24:49Z,38.378826,-89.863806,39.58,189.58,305.98,-1.85,0.29,-45.19,10.32
1490,2026-04-15T14:24:50Z,38.378869,-89.863903,40.32,190.32,305.98,2.10,-0.78,-45.05,10.29
1491,2026-04-15T14:24:51Z,38.378928,-89.863987,39.25,189.25,305.98,0.98,2.62,-46.73,9.95
1492,2026-04-15T14:24:52Z,38.378985,-89.864102,40.19,190.19,305.98,-0.96,-0.36,-44.55,10.00
1493,2026-04-15T14:24:53Z,38.379037,-89.864181,40.49,190.49,305.98,-1.08,-2.18,-44.86,9.51
1494,2026-04-15T14:24:54Z,38.379085,-89.864264,40.05,190.05,305.98,-2.67,0.25,-45.73,10.33
1495,2026-04-15T14:24:55Z,38.379140,-89.864371,40.03,190.03,305.98,2.01,0.04,-45.82,10.63
1496,2026-04-15T14:24:56Z,38.379195,-89.864461,39.87,189.87,305.98,-1.28,0.29,-43.83,9.83
1497,2026-04-15T14:24:57Z,38.379249,-89.864557,39.17,189.17,305.98,0.28,-1.54,-44.93,9.28
1498,2026-04-15T14:24:58Z,38.379293,-89.864635,38.95,188.95,305.98,0.11,-0.52,-44.89,9.96
1499,2026-04-15T14:24:59Z,38.379339,-89.864742,40.45,190.45,305.98,0.54,1.01,-45.41,9.62
